Zip_Code,YEAR,CRIME_COUNT
10001,2006,2939
10001,2007,2749
10001,2008,2569
10001,2009,2250
10001,2010,2229
10001,2011,2115
10001,2012,2199
10001,2013,2098
10001,2014,2063
10001,2015,2094
10001,2016,2007
10002,2006,2114
10002,2007,2428
10002,2008,2238
10002,2009,2214
10002,2010,2123
10002,2011,2056
10002,2012,2159
10002,2013,2097
10002,2014,1983
10002,2015,2183
10002,2016,2372
10003,2006,2244
10003,2007,2183
10003,2008,2158
10003,2009,2080
10003,2010,2080
10003,2011,2052
10003,2012,2029
10003,2013,2135
10003,2014,1908
10003,2015,2001
10003,2016,1851
10004,2006,201
10004,2007,197
10004,2008,157
10004,2009,155
10004,2010,130
10004,2011,163
10004,2012,174
10004,2013,132
10004,2014,181
10004,2015,234
10004,2016,251
10005,2006,130
10005,2007,119
10005,2008,125
10005,2009,117
10005,2010,96
10005,2011,91
10005,2012,92
10005,2013,89
10005,2014,105
10005,2015,130
10005,2016,106
10006,2006,114
10006,2007,115
10006,2008,99
10006,2009,86
10006,2010,81
10006,2011,90
10006,2012,93
10006,2013,80
10006,2014,83
10006,2015,99
10006,2016,103
10007,2006,372
10007,2007,379
10007,2008,392
10007,2009,369
10007,2010,320
10007,2011,293
10007,2012,306
10007,2013,317
10007,2014,272
10007,2015,311
10007,2016,339
10009,2006,1283
10009,2007,1364
10009,2008,1395
10009,2009,1345
10009,2010,1288
10009,2011,1295
10009,2012,1335
10009,2013,1239
10009,2014,1222
10009,2015,1191
10009,2016,1310
10010,2006,1062
10010,2007,1008
10010,2008,909
10010,2009,947
10010,2010,785
10010,2011,776
10010,2012,740
10010,2013,801
10010,2014,764
10010,2015,992
10010,2016,925
10011,2006,2049
10011,2007,1982
10011,2008,1822
10011,2009,1669
10011,2010,1608
10011,2011,1552
10011,2012,1583
10011,2013,1669
10011,2014,1607
10011,2015,1713
10011,2016,1658
10012,2006,1355
10012,2007,1351
10012,2008,1203
10012,2009,1177
10012,2010,1120
10012,2011,1108
10012,2012,1199
10012,2013,1122
10012,2014,1040
10012,2015,1099
10012,2016,998
10013,2006,1074
10013,2007,1039
10013,2008,955
10013,2009,942
10013,2010,916
10013,2011,866
10013,2012,896
10013,2013,881
10013,2014,809
10013,2015,887
10013,2016,1023
10014,2006,1353
10014,2007,1381
10014,2008,1341
10014,2009,1165
10014,2010,1129
10014,2011,1343
10014,2012,1399
10014,2013,1282
10014,2014,1188
10014,2015,1145
10014,2016,1069
10016,2006,1442
10016,2007,1438
10016,2008,1471
10016,2009,1248
10016,2010,1160
10016,2011,1136
10016,2012,1242
10016,2013,1150
10016,2014,1181
10016,2015,1198
10016,2016,1102
10017,2006,903
10017,2007,827
10017,2008,768
10017,2009,687
10017,2010,649
10017,2011,606
10017,2012,591
10017,2013,557
10017,2014,537
10017,2015,597
10017,2016,623
10018,2006,1601
10018,2007,1355
10018,2008,1303
10018,2009,1206
10018,2010,1096
10018,2011,1046
10018,2012,1107
10018,2013,1255
10018,2014,1130
10018,2015,1120
10018,2016,1155
10019,2006,1744
10019,2007,1782
10019,2008,1826
10019,2009,1624
10019,2010,1669
10019,2011,1651
10019,2012,1498
10019,2013,1620
10019,2014,1580
10019,2015,1573
10019,2016,1680
10020,2006,105
10020,2007,105
10020,2008,93
10020,2009,88
10020,2010,111
10020,2011,82
10020,2012,94
10020,2013,76
10020,2014,84
10020,2015,76
10020,2016,85
10021,2006,529
10021,2007,518
10021,2008,416
10021,2009,359
10021,2010,381
10021,2011,333
10021,2012,420
10021,2013,393
10021,2014,374
10021,2015,329
10021,2016,345
10022,2006,1264
10022,2007,1285
10022,2008,1239
10022,2009,1130
10022,2010,1021
10022,2011,1086
10022,2012,1144
10022,2013,1085
10022,2014,981
10022,2015,1153
10022,2016,1134
10023,2006,1067
10023,2007,1075
10023,2008,1047
10023,2009,983
10023,2010,952
10023,2011,854
10023,2012,887
10023,2013,825
10023,2014,776
10023,2015,782
10023,2016,725
10024,2006,1045
10024,2007,908
10024,2008,892
10024,2009,805
10024,2010,791
10024,2011,678
10024,2012,811
10024,2013,717
10024,2014,696
10024,2015,658
10024,2016,668
10025,2006,1914
10025,2007,1869
10025,2008,1761
10025,2009,1668
10025,2010,1552
10025,2011,1534
10025,2012,1605
10025,2013,1522
10025,2014,1459
10025,2015,1461
10025,2016,1460
10026,2006,1701
10026,2007,1382
10026,2008,1496
10026,2009,1543
10026,2010,1608
10026,2011,1413
10026,2012,1433
10026,2013,1234
10026,2014,1062
10026,2015,1147
10026,2016,1415
10027,2006,2651
10027,2007,2505
10027,2008,2710
10027,2009,2812
10027,2010,2602
10027,2011,2579
10027,2012,2615
10027,2013,2429
10027,2014,2148
10027,2015,2207
10027,2016,2232
10028,2006,706
10028,2007,653
10028,2008,580
10028,2009,513
10028,2010,491
10028,2011,504
10028,2012,540
10028,2013,533
10028,2014,476
10028,2015,468
10028,2016,481
10029,2006,2784
10029,2007,3027
10029,2008,3124
10029,2009,2936
10029,2010,2990
10029,2011,2942
10029,2012,2854
10029,2013,2767
10029,2014,2723
10029,2015,2982
10029,2016,2855
10030,2006,1438
10030,2007,1296
10030,2008,1320
10030,2009,1363
10030,2010,1247
10030,2011,1218
10030,2012,1073
10030,2013,982
10030,2014,1022
10030,2015,1067
10030,2016,1033
10031,2006,2081
10031,2007,2306
10031,2008,2090
10031,2009,2353
10031,2010,2050
10031,2011,2139
10031,2012,2134
10031,2013,2086
10031,2014,1780
10031,2015,1610
10031,2016,1680
10032,2006,1664
10032,2007,1691
10032,2008,1566
10032,2009,1653
10032,2010,1595
10032,2011,1411
10032,2012,1335
10032,2013,1467
10032,2014,1267
10032,2015,1239
10032,2016,1129
10033,2006,1483
10033,2007,1406
10033,2008,1376
10033,2009,1282
10033,2010,1172
10033,2011,1165
10033,2012,1069
10033,2013,1003
10033,2014,914
10033,2015,1117
10033,2016,1013
10034,2006,925
10034,2007,911
10034,2008,879
10034,2009,884
10034,2010,829
10034,2011,859
10034,2012,836
10034,2013,838
10034,2014,946
10034,2015,869
10034,2016,945
10035,2006,1647
10035,2007,1816
10035,2008,1906
10035,2009,1895
10035,2010,2231
10035,2011,1976
10035,2012,2175
10035,2013,2131
10035,2014,2184
10035,2015,2120
10035,2016,1980
10036,2006,2421
10036,2007,2366
10036,2008,2355
10036,2009,2153
10036,2010,2227
10036,2011,2177
10036,2012,2522
10036,2013,2367
10036,2014,2374
10036,2015,2295
10036,2016,2635
10037,2006,635
10037,2007,790
10037,2008,794
10037,2009,666
10037,2010,734
10037,2011,773
10037,2012,715
10037,2013,789
10037,2014,969
10037,2015,776
10037,2016,708
10038,2006,495
10038,2007,506
10038,2008,482
10038,2009,457
10038,2010,442
10038,2011,461
10038,2012,442
10038,2013,439
10038,2014,420
10038,2015,453
10038,2016,504
10039,2006,1115
10039,2007,1159
10039,2008,1193
10039,2009,1064
10039,2010,1064
10039,2011,943
10039,2012,890
10039,2013,801
10039,2014,873
10039,2015,967
10039,2016,996
10040,2006,721
10040,2007,741
10040,2008,736
10040,2009,780
10040,2010,676
10040,2011,776
10040,2012,706
10040,2013,686
10040,2014,622
10040,2015,671
10040,2016,672
10041,2006,8
10041,2007,10
10041,2009,13
10041,2010,8
10041,2012,12
10041,2014,10
10041,2015,2
10041,2013,5
10041,2016,5
10041,2008,7
10041,2011,7
10043,2016,1
10044,2006,70
10044,2007,112
10044,2008,54
10044,2009,42
10044,2010,47
10044,2011,53
10044,2012,49
10044,2013,53
10044,2014,52
10044,2015,60
10044,2016,52
10065,2006,774
10065,2007,747
10065,2008,748
10065,2009,626
10065,2010,572
10065,2011,596
10065,2012,646
10065,2013,687
10065,2014,635
10065,2015,641
10065,2016,697
10069,2006,17
10069,2007,24
10069,2008,23
10069,2009,20
10069,2010,18
10069,2011,26
10069,2012,34
10069,2013,18
10069,2014,21
10069,2015,11
10069,2016,9
10075,2006,374
10075,2007,375
10075,2008,352
10075,2009,266
10075,2010,245
10075,2011,274
10075,2012,285
10075,2013,254
10075,2014,225
10075,2015,260
10075,2016,259
10080,2006,16
10080,2007,12
10080,2012,1
10080,2010,2
10080,2016,2
10080,2014,3
10080,2011,4
10080,2015,6
10080,2008,7
10104,2007,1
10105,2009,8
10105,2014,8
10105,2015,1
10105,2006,3
10105,2012,4
10105,2016,4
10105,2013,5
10105,2007,6
10105,2011,6
10105,2008,7
10105,2010,9
10107,2006,20
10107,2007,22
10107,2008,15
10107,2009,20
10107,2010,13
10107,2011,19
10107,2012,16
10107,2013,11
10107,2014,12
10107,2015,21
10107,2016,33
10110,2015,1
10110,2011,3
10110,2016,3
10110,2013,4
10110,2014,4
10110,2007,5
10110,2012,5
10110,2009,6
10110,2010,6
10110,2008,7
10110,2006,9
10111,2006,13
10111,2008,19
10111,2011,16
10111,2012,26
10111,2013,23
10111,2014,8
10111,2015,11
10111,2016,10
10111,2007,7
10111,2009,9
10111,2010,14
10112,2006,31
10112,2007,25
10112,2008,32
10112,2009,24
10112,2010,24
10112,2011,22
10112,2012,19
10112,2013,23
10112,2014,17
10112,2015,18
10112,2016,17
10115,2006,13
10115,2008,8
10115,2011,11
10115,2012,18
10115,2009,4
10115,2016,5
10115,2013,6
10115,2015,6
10115,2014,7
10115,2007,9
10115,2010,14
10118,2007,1
10118,2013,1
10118,2008,2
10118,2009,2
10118,2014,2
10118,2015,2
10118,2011,3
10118,2012,4
10118,2016,4
10118,2010,7
10118,2006,9
10119,2006,156
10119,2007,140
10119,2008,95
10119,2009,95
10119,2010,105
10119,2011,78
10119,2012,99
10119,2013,100
10119,2014,80
10119,2015,62
10119,2016,68
10128,2006,814
10128,2007,679
10128,2008,633
10128,2009,557
10128,2010,551
10128,2011,523
10128,2012,567
10128,2013,540
10128,2014,516
10128,2015,583
10128,2016,551
10153,2006,11
10153,2007,17
10153,2008,22
10153,2009,23
10153,2010,37
10153,2011,31
10153,2012,41
10153,2013,36
10153,2014,47
10153,2015,39
10153,2016,31
10154,2009,1
10154,2014,1
10154,2015,1
10154,2007,3
10154,2012,3
10154,2008,4
10154,2010,4
10154,2011,4
10154,2016,4
10154,2006,6
10158,2015,13
10158,2007,2
10158,2008,3
10158,2011,3
10158,2009,4
10158,2016,4
10158,2013,5
10158,2014,6
10158,2006,7
10158,2010,7
10158,2012,7
10162,2006,23
10162,2007,21
10162,2008,27
10162,2009,21
10162,2010,15
10162,2011,22
10162,2012,16
10162,2013,18
10162,2014,28
10162,2015,19
10162,2016,24
10167,2008,1
10167,2011,1
10167,2010,2
10167,2013,2
10167,2006,4
10167,2007,4
10167,2009,4
10167,2014,4
10167,2015,4
10168,2008,1
10168,2009,1
10168,2011,1
10168,2016,1
10168,2007,2
10168,2010,2
10168,2013,2
10168,2006,3
10170,2007,1
10172,2007,1
10172,2008,1
10172,2011,1
10172,2012,1
10172,2009,2
10172,2013,2
10172,2014,2
10172,2006,3
10172,2010,3
10172,2015,3
10173,2006,1
10173,2009,1
10173,2012,1
10173,2013,1
10173,2015,1
10174,2006,12
10174,2007,32
10174,2008,15
10174,2010,10
10174,2011,12
10174,2013,12
10174,2014,6
10174,2015,6
10174,2016,6
10174,2009,7
10174,2012,14
10177,2007,1
10177,2011,1
10177,2014,1
10177,2009,2
10177,2012,2
10177,2013,2
10177,2008,4
10177,2010,4
10177,2016,4
10177,2015,7
10199,2006,95
10199,2007,88
10199,2008,68
10199,2009,75
10199,2010,75
10199,2011,67
10199,2012,72
10199,2013,68
10199,2014,80
10199,2015,53
10199,2016,66
10278,2009,10
10278,2012,1
10278,2013,1
10278,2006,3
10278,2007,3
10278,2010,3
10278,2011,4
10278,2016,4
10278,2014,5
10278,2015,6
10278,2008,9
10279,2006,1
10279,2007,1
10279,2013,1
10279,2014,1
10279,2010,2
10279,2008,3
10279,2012,3
10279,2015,3
10279,2016,3
10279,2011,4
10279,2009,7
10280,2006,51
10280,2007,48
10280,2008,43
10280,2009,30
10280,2010,44
10280,2011,30
10280,2012,27
10280,2013,42
10280,2014,28
10280,2015,29
10280,2016,36
10281,2015,13
10281,2006,1
10281,2008,1
10281,2011,1
10281,2007,2
10281,2010,2
10281,2012,2
10281,2009,3
10281,2013,4
10281,2014,4
10281,2016,14
10282,2006,81
10282,2007,74
10282,2008,58
10282,2009,41
10282,2010,33
10282,2011,36
10282,2012,29
10282,2013,30
10282,2014,30
10282,2015,46
10282,2016,61
10301,2006,1109
10301,2007,1027
10301,2008,1088
10301,2009,1002
10301,2010,1041
10301,2011,1026
10301,2012,1174
10301,2013,1007
10301,2014,881
10301,2015,906
10301,2016,1011
10302,2006,560
10302,2007,529
10302,2008,553
10302,2009,617
10302,2010,573
10302,2011,525
10302,2012,551
10302,2013,545
10302,2014,680
10302,2015,563
10302,2016,512
10303,2006,695
10303,2007,632
10303,2008,662
10303,2009,644
10303,2010,549
10303,2011,614
10303,2012,601
10303,2013,551
10303,2014,708
10303,2015,664
10303,2016,561
10304,2006,1159
10304,2007,1077
10304,2008,1042
10304,2009,956
10304,2010,1265
10304,2011,1253
10304,2012,1239
10304,2013,1111
10304,2014,979
10304,2015,901
10304,2016,908
10305,2006,590
10305,2007,581
10305,2008,609
10305,2009,519
10305,2010,519
10305,2011,497
10305,2012,612
10305,2013,494
10305,2014,453
10305,2015,448
10305,2016,493
10306,2006,681
10306,2007,635
10306,2008,731
10306,2009,550
10306,2010,528
10306,2011,585
10306,2012,683
10306,2013,589
10306,2014,520
10306,2015,514
10306,2016,536
10307,2006,122
10307,2007,147
10307,2008,150
10307,2009,109
10307,2010,120
10307,2011,132
10307,2012,139
10307,2013,120
10307,2014,105
10307,2015,121
10307,2016,153
10308,2006,203
10308,2007,232
10308,2008,241
10308,2009,193
10308,2010,212
10308,2011,216
10308,2012,228
10308,2013,200
10308,2014,188
10308,2015,186
10308,2016,155
10309,2006,297
10309,2007,312
10309,2008,392
10309,2009,306
10309,2010,303
10309,2011,312
10309,2012,319
10309,2013,292
10309,2014,305
10309,2015,302
10309,2016,283
10310,2006,543
10310,2007,577
10310,2008,538
10310,2009,533
10310,2010,598
10310,2011,593
10310,2012,706
10310,2013,578
10310,2014,548
10310,2015,485
10310,2016,550
10312,2006,490
10312,2007,481
10312,2008,505
10312,2009,437
10312,2010,397
10312,2011,449
10312,2012,400
10312,2013,422
10312,2014,441
10312,2015,364
10312,2016,343
10314,2006,904
10314,2007,1036
10314,2008,1032
10314,2009,834
10314,2010,827
10314,2011,786
10314,2012,895
10314,2013,908
10314,2014,907
10314,2015,954
10314,2016,820
10451,2006,2177
10451,2007,2100
10451,2008,2127
10451,2009,2241
10451,2010,2308
10451,2011,2438
10451,2012,2456
10451,2013,2450
10451,2014,2443
10451,2015,2550
10451,2016,2664
10452,2006,2952
10452,2007,2891
10452,2008,2904
10452,2009,2955
10452,2010,3197
10452,2011,3101
10452,2012,2871
10452,2013,2481
10452,2014,2367
10452,2015,2569
10452,2016,2269
10453,2006,3869
10453,2007,3810
10453,2008,3733
10453,2009,3647
10453,2010,3264
10453,2011,3173
10453,2012,2866
10453,2013,2543
10453,2014,2501
10453,2015,2426
10453,2016,2265
10454,2006,2165
10454,2007,2133
10454,2008,2025
10454,2009,1954
10454,2010,1872
10454,2011,1863
10454,2012,2151
10454,2013,1924
10454,2014,2004
10454,2015,2119
10454,2016,2008
10455,2006,2130
10455,2007,2091
10455,2008,2200
10455,2009,2194
10455,2010,2012
10455,2011,2223
10455,2012,2357
10455,2013,2484
10455,2014,2282
10455,2015,2570
10455,2016,2606
10456,2006,4124
10456,2007,4253
10456,2008,3926
10456,2009,3984
10456,2010,4060
10456,2011,4260
10456,2012,3949
10456,2013,3986
10456,2014,3664
10456,2015,3675
10456,2016,3400
10457,2006,3555
10457,2007,3824
10457,2008,3759
10457,2009,3385
10457,2010,3373
10457,2011,3150
10457,2012,3521
10457,2013,3132
10457,2014,3360
10457,2015,3348
10457,2016,2778
10458,2006,2754
10458,2007,3001
10458,2008,3126
10458,2009,3110
10458,2010,3394
10458,2011,3270
10458,2012,3285
10458,2013,3002
10458,2014,3167
10458,2015,3087
10458,2016,2620
10459,2006,1890
10459,2007,2103
10459,2008,2295
10459,2009,2241
10459,2010,2235
10459,2011,2264
10459,2012,2437
10459,2013,2344
10459,2014,2465
10459,2015,2090
10459,2016,2204
10460,2006,2431
10460,2007,2923
10460,2008,2831
10460,2009,2658
10460,2010,2401
10460,2011,2494
10460,2012,2327
10460,2013,2384
10460,2014,2480
10460,2015,2322
10460,2016,2159
10461,2006,993
10461,2007,1035
10461,2008,1037
10461,2009,1035
10461,2010,1124
10461,2011,1085
10461,2012,1060
10461,2013,943
10461,2014,945
10461,2015,1028
10461,2016,1062
10462,2006,1949
10462,2007,2085
10462,2008,1938
10462,2009,1734
10462,2010,1928
10462,2011,2016
10462,2012,1726
10462,2013,1605
10462,2014,1566
10462,2015,1492
10462,2016,1483
10463,2006,1177
10463,2007,1248
10463,2008,1325
10463,2009,1388
10463,2010,1253
10463,2011,1325
10463,2012,1189
10463,2013,1136
10463,2014,1261
10463,2015,1336
10463,2016,1354
10464,2006,57
10464,2007,81
10464,2008,96
10464,2009,78
10464,2010,72
10464,2011,74
10464,2012,84
10464,2013,83
10464,2014,61
10464,2015,75
10464,2016,52
10465,2006,714
10465,2007,668
10465,2008,719
10465,2009,691
10465,2010,731
10465,2011,731
10465,2012,669
10465,2013,635
10465,2014,640
10465,2015,755
10465,2016,788
10466,2006,1790
10466,2007,1764
10466,2008,2104
10466,2009,1957
10466,2010,2041
10466,2011,1699
10466,2012,1775
10466,2013,1550
10466,2014,1725
10466,2015,1845
10466,2016,1925
10467,2006,2772
10467,2007,2757
10467,2008,3003
10467,2009,3187
10467,2010,3114
10467,2011,3226
10467,2012,2913
10467,2013,2868
10467,2014,3020
10467,2015,2984
10467,2016,3173
10468,2006,2657
10468,2007,2688
10468,2008,2867
10468,2009,2652
10468,2010,3049
10468,2011,2719
10468,2012,2529
10468,2013,2525
10468,2014,2599
10468,2015,2379
10468,2016,2179
10469,2006,1497
10469,2007,1471
10469,2008,1541
10469,2009,1586
10469,2010,1569
10469,2011,1549
10469,2012,1577
10469,2013,1460
10469,2014,1352
10469,2015,1403
10469,2016,1528
10470,2006,406
10470,2007,454
10470,2008,526
10470,2009,500
10470,2010,535
10470,2011,418
10470,2012,544
10470,2013,481
10470,2014,482
10470,2015,487
10470,2016,448
10471,2006,229
10471,2007,243
10471,2008,214
10471,2009,298
10471,2010,276
10471,2011,222
10471,2012,285
10471,2013,262
10471,2014,295
10471,2015,313
10471,2016,283
10472,2006,3231
10472,2007,3787
10472,2008,3216
10472,2009,3059
10472,2010,3228
10472,2011,3126
10472,2012,2975
10472,2013,2525
10472,2014,2499
10472,2015,2210
10472,2016,2180
10473,2006,2423
10473,2007,2464
10473,2008,2380
10473,2009,2308
10473,2010,2390
10473,2011,2384
10473,2012,2078
10473,2013,1905
10473,2014,1693
10473,2015,1774
10473,2016,1774
10474,2006,831
10474,2007,915
10474,2008,955
10474,2009,853
10474,2010,785
10474,2011,790
10474,2012,825
10474,2013,897
10474,2014,868
10474,2015,842
10474,2016,778
10475,2006,707
10475,2007,703
10475,2008,623
10475,2009,659
10475,2010,698
10475,2011,619
10475,2012,601
10475,2013,566
10475,2014,646
10475,2015,687
10475,2016,587
10550,2007,10
10550,2011,8
10550,2013,3
10550,2006,5
10550,2015,6
10550,2016,6
10550,2009,7
10550,2008,9
10550,2012,9
10550,2014,9
10550,2010,14
10704,2006,1
10704,2007,1
10704,2008,1
10704,2014,1
10704,2009,2
10704,2011,2
10705,2007,1
10705,2006,2
10705,2011,3
10705,2016,5
10803,2006,1
10803,2011,1
10803,2013,1
10803,2015,1
10803,2008,2
10803,2014,2
11001,2006,38
11001,2007,37
11001,2008,27
11001,2009,39
11001,2010,18
11001,2011,29
11001,2012,33
11001,2013,25
11001,2014,29
11001,2015,42
11001,2016,21
11003,2006,1
11004,2006,154
11004,2007,126
11004,2008,97
11004,2009,105
11004,2010,88
11004,2011,119
11004,2012,88
11004,2013,97
11004,2014,94
11004,2015,100
11004,2016,109
11005,2007,1
11005,2008,1
11005,2013,1
11005,2009,2
11005,2012,2
11005,2014,2
11005,2016,3
11005,2006,5
11005,2011,6
11005,2015,6
11020,2007,1
11020,2013,1
11020,2006,2
11040,2006,54
11040,2007,47
11040,2008,29
11040,2009,28
11040,2010,40
11040,2011,25
11040,2012,23
11040,2013,28
11040,2014,34
11040,2015,35
11040,2016,44
11042,2015,1
11096,2009,1
11096,2016,1
11101,2006,1453
11101,2007,1368
11101,2008,1332
11101,2009,1203
11101,2010,1221
11101,2011,1145
11101,2012,1087
11101,2013,1199
11101,2014,1175
11101,2015,1095
11101,2016,1062
11102,2006,634
11102,2007,620
11102,2008,544
11102,2009,544
11102,2010,583
11102,2011,549
11102,2012,594
11102,2013,560
11102,2014,617
11102,2015,549
11102,2016,514
11103,2006,646
11103,2007,673
11103,2008,651
11103,2009,645
11103,2010,662
11103,2011,570
11103,2012,614
11103,2013,671
11103,2014,694
11103,2015,652
11103,2016,667
11104,2006,351
11104,2007,362
11104,2008,370
11104,2009,338
11104,2010,354
11104,2011,334
11104,2012,293
11104,2013,326
11104,2014,298
11104,2015,246
11104,2016,229
11105,2006,462
11105,2007,421
11105,2008,466
11105,2009,414
11105,2010,416
11105,2011,402
11105,2012,487
11105,2013,416
11105,2014,454
11105,2015,446
11105,2016,436
11106,2006,804
11106,2007,803
11106,2008,744
11106,2009,703
11106,2010,719
11106,2011,694
11106,2012,675
11106,2013,738
11106,2014,696
11106,2015,619
11106,2016,613
11109,2011,11
11109,2013,15
11109,2014,11
11109,2015,13
11109,2016,12
11109,2006,3
11109,2009,5
11109,2008,7
11109,2010,7
11109,2012,9
11109,2007,14
11201,2006,2039
11201,2007,1977
11201,2008,1830
11201,2009,1699
11201,2010,1675
11201,2011,1916
11201,2012,1969
11201,2013,1880
11201,2014,1743
11201,2015,1731
11201,2016,1664
11203,2006,2501
11203,2007,2314
11203,2008,2153
11203,2009,2188
11203,2010,2277
11203,2011,2298
11203,2012,2248
11203,2013,2264
11203,2014,2311
11203,2015,2148
11203,2016,1929
11204,2006,982
11204,2007,865
11204,2008,821
11204,2009,744
11204,2010,653
11204,2011,757
11204,2012,728
11204,2013,749
11204,2014,745
11204,2015,775
11204,2016,642
11205,2006,1273
11205,2007,1312
11205,2008,1123
11205,2009,1031
11205,2010,1133
11205,2011,1100
11205,2012,1209
11205,2013,1129
11205,2014,1189
11205,2015,944
11205,2016,926
11206,2006,3029
11206,2007,2989
11206,2008,3183
11206,2009,2929
11206,2010,2982
11206,2011,3036
11206,2012,3082
11206,2013,2906
11206,2014,2665
11206,2015,2456
11206,2016,2390
11207,2006,4304
11207,2007,4491
11207,2008,4649
11207,2009,5055
11207,2010,5128
11207,2011,4925
11207,2012,5090
11207,2013,4707
11207,2014,4717
11207,2015,4075
11207,2016,3349
11208,2006,3489
11208,2007,3606
11208,2008,3526
11208,2009,3666
11208,2010,3892
11208,2011,4056
11208,2012,3977
11208,2013,3917
11208,2014,3753
11208,2015,3297
11208,2016,2969
11209,2006,1182
11209,2007,1027
11209,2008,1018
11209,2009,966
11209,2010,897
11209,2011,884
11209,2012,881
11209,2013,848
11209,2014,910
11209,2015,957
11209,2016,1075
11210,2006,1445
11210,2007,1397
11210,2008,1445
11210,2009,1344
11210,2010,1337
11210,2011,1405
11210,2012,1382
11210,2013,1354
11210,2014,1301
11210,2015,1314
11210,2016,1146
11211,2006,1611
11211,2007,1445
11211,2008,1518
11211,2009,1429
11211,2010,1480
11211,2011,1455
11211,2012,1483
11211,2013,1499
11211,2014,1390
11211,2015,1455
11211,2016,1277
11212,2006,4276
11212,2007,4161
11212,2008,4530
11212,2009,4728
11212,2010,4549
11212,2011,4725
11212,2012,4325
11212,2013,3866
11212,2014,3812
11212,2015,3562
11212,2016,3241
11213,2006,2607
11213,2007,2761
11213,2008,2541
11213,2009,2373
11213,2010,2593
11213,2011,2768
11213,2012,2671
11213,2013,2702
11213,2014,2439
11213,2015,2145
11213,2016,1938
11214,2006,1349
11214,2007,1328
11214,2008,1166
11214,2009,1108
11214,2010,1085
11214,2011,1036
11214,2012,1221
11214,2013,1251
11214,2014,1300
11214,2015,1168
11214,2016,1118
11215,2006,1270
11215,2007,1147
11215,2008,1073
11215,2009,990
11215,2010,964
11215,2011,931
11215,2012,919
11215,2013,853
11215,2014,826
11215,2015,866
11215,2016,836
11216,2006,2404
11216,2007,2616
11216,2008,2309
11216,2009,2259
11216,2010,2190
11216,2011,2146
11216,2012,2189
11216,2013,2061
11216,2014,1894
11216,2015,1667
11216,2016,1635
11217,2006,1340
11217,2007,1295
11217,2008,1305
11217,2009,1088
11217,2010,1135
11217,2011,1101
11217,2012,1180
11217,2013,1141
11217,2014,1137
11217,2015,1145
11217,2016,1155
11218,2006,1172
11218,2007,977
11218,2008,965
11218,2009,899
11218,2010,946
11218,2011,827
11218,2012,885
11218,2013,858
11218,2014,837
11218,2015,867
11218,2016,772
11219,2006,789
11219,2007,842
11219,2008,712
11219,2009,796
11219,2010,727
11219,2011,761
11219,2012,755
11219,2013,744
11219,2014,749
11219,2015,770
11219,2016,813
11220,2006,1750
11220,2007,1703
11220,2008,1705
11220,2009,1583
11220,2010,1755
11220,2011,1743
11220,2012,1850
11220,2013,1854
11220,2014,1766
11220,2015,1713
11220,2016,1757
11221,2006,3036
11221,2007,2954
11221,2008,3348
11221,2009,3123
11221,2010,3230
11221,2011,3138
11221,2012,3240
11221,2013,2978
11221,2014,2814
11221,2015,2332
11221,2016,2262
11222,2006,733
11222,2007,717
11222,2008,703
11222,2009,672
11222,2010,693
11222,2011,569
11222,2012,651
11222,2013,763
11222,2014,653
11222,2015,675
11222,2016,714
11223,2006,1333
11223,2007,1277
11223,2008,1260
11223,2009,1117
11223,2010,989
11223,2011,1112
11223,2012,1196
11223,2013,1167
11223,2014,1206
11223,2015,1210
11223,2016,1010
11224,2006,1570
11224,2007,1425
11224,2008,1387
11224,2009,1222
11224,2010,1458
11224,2011,1399
11224,2012,1394
11224,2013,1454
11224,2014,1504
11224,2015,1621
11224,2016,1341
11225,2006,1940
11225,2007,1784
11225,2008,1671
11225,2009,1576
11225,2010,1788
11225,2011,1889
11225,2012,1778
11225,2013,1630
11225,2014,1589
11225,2015,1578
11225,2016,1380
11226,2006,3774
11226,2007,3369
11226,2008,3341
11226,2009,3315
11226,2010,3355
11226,2011,3238
11226,2012,3254
11226,2013,2956
11226,2014,2916
11226,2015,2533
11226,2016,2312
11228,2006,548
11228,2007,414
11228,2008,437
11228,2009,440
11228,2010,414
11228,2011,389
11228,2012,395
11228,2013,404
11228,2014,432
11228,2015,433
11228,2016,448
11229,2006,1237
11229,2007,1193
11229,2008,1265
11229,2009,971
11229,2010,1013
11229,2011,997
11229,2012,1277
11229,2013,1148
11229,2014,1213
11229,2015,1052
11229,2016,879
11230,2006,1334
11230,2007,1220
11230,2008,1116
11230,2009,946
11230,2010,971
11230,2011,942
11230,2012,1013
11230,2013,984
11230,2014,877
11230,2015,899
11230,2016,802
11231,2006,929
11231,2007,831
11231,2008,824
11231,2009,798
11231,2010,822
11231,2011,832
11231,2012,914
11231,2013,754
11231,2014,732
11231,2015,741
11231,2016,750
11232,2006,738
11232,2007,744
11232,2008,652
11232,2009,648
11232,2010,633
11232,2011,691
11232,2012,600
11232,2013,583
11232,2014,646
11232,2015,624
11232,2016,620
11233,2006,3242
11233,2007,3558
11233,2008,3479
11233,2009,3521
11233,2010,3824
11233,2011,3826
11233,2012,3732
11233,2013,3420
11233,2014,3252
11233,2015,2786
11233,2016,2427
11234,2006,1888
11234,2007,1800
11234,2008,1766
11234,2009,1685
11234,2010,1594
11234,2011,1659
11234,2012,1613
11234,2013,1549
11234,2014,1487
11234,2015,1452
11234,2016,1320
11235,2006,1623
11235,2007,1586
11235,2008,1545
11235,2009,1355
11235,2010,1254
11235,2011,1313
11235,2012,1528
11235,2013,1433
11235,2014,1397
11235,2015,1340
11235,2016,1197
11236,2006,2663
11236,2007,2415
11236,2008,2452
11236,2009,2413
11236,2010,2230
11236,2011,2340
11236,2012,2477
11236,2013,2405
11236,2014,2264
11236,2015,2099
11236,2016,1900
11237,2006,1665
11237,2007,1511
11237,2008,1474
11237,2009,1333
11237,2010,1409
11237,2011,1409
11237,2012,1415
11237,2013,1452
11237,2014,1289
11237,2015,1287
11237,2016,1233
11238,2006,1734
11238,2007,1818
11238,2008,1642
11238,2009,1555
11238,2010,1598
11238,2011,1642
11238,2012,1708
11238,2013,1528
11238,2014,1437
11238,2015,1269
11238,2016,1222
11239,2006,345
11239,2007,321
11239,2008,369
11239,2009,343
11239,2010,367
11239,2011,316
11239,2012,324
11239,2013,340
11239,2014,300
11239,2015,358
11239,2016,356
11242,2006,10
11242,2007,8
11242,2008,11
11242,2009,18
11242,2010,12
11242,2011,12
11242,2012,12
11242,2015,10
11242,2014,4
11242,2016,9
11242,2013,14
11243,2006,1
11243,2008,1
11243,2010,1
11243,2011,1
11243,2007,2
11243,2009,2
11243,2015,2
11243,2012,3
11243,2014,5
11249,2006,406
11249,2007,380
11249,2008,492
11249,2009,428
11249,2010,491
11249,2011,450
11249,2012,589
11249,2013,608
11249,2014,608
11249,2015,579
11249,2016,548
11354,2006,1067
11354,2007,959
11354,2008,926
11354,2009,888
11354,2010,939
11354,2011,936
11354,2012,1001
11354,2013,1027
11354,2014,957
11354,2015,988
11354,2016,975
11355,2006,1002
11355,2007,897
11355,2008,967
11355,2009,834
11355,2010,908
11355,2011,860
11355,2012,934
11355,2013,1019
11355,2014,967
11355,2015,799
11355,2016,872
11356,2006,371
11356,2007,325
11356,2008,390
11356,2009,331
11356,2010,303
11356,2011,294
11356,2012,296
11356,2013,286
11356,2014,339
11356,2015,248
11356,2016,275
11357,2006,318
11357,2007,310
11357,2008,328
11357,2009,336
11357,2010,288
11357,2011,287
11357,2012,283
11357,2013,250
11357,2014,248
11357,2015,260
11357,2016,266
11358,2006,451
11358,2007,384
11358,2008,393
11358,2009,378
11358,2010,335
11358,2011,346
11358,2012,323
11358,2013,375
11358,2014,359
11358,2015,320
11358,2016,300
11359,2006,1
11359,2007,1
11359,2009,1
11359,2011,1
11359,2014,1
11359,2015,1
11359,2008,2
11359,2010,2
11360,2006,131
11360,2007,120
11360,2008,138
11360,2009,110
11360,2010,106
11360,2011,130
11360,2012,103
11360,2013,145
11360,2014,102
11360,2015,136
11360,2016,104
11361,2006,414
11361,2007,332
11361,2008,357
11361,2009,339
11361,2010,336
11361,2011,275
11361,2012,299
11361,2013,310
11361,2014,337
11361,2015,305
11361,2016,341
11362,2006,232
11362,2007,199
11362,2008,184
11362,2009,160
11362,2010,183
11362,2011,174
11362,2012,176
11362,2013,177
11362,2014,167
11362,2015,167
11362,2016,165
11363,2006,82
11363,2007,57
11363,2008,54
11363,2009,41
11363,2010,38
11363,2011,34
11363,2012,45
11363,2013,54
11363,2014,35
11363,2015,38
11363,2016,47
11364,2006,393
11364,2007,322
11364,2008,411
11364,2009,345
11364,2010,307
11364,2011,308
11364,2012,301
11364,2013,282
11364,2014,256
11364,2015,246
11364,2016,290
11365,2006,586
11365,2007,488
11365,2008,473
11365,2009,429
11365,2010,396
11365,2011,382
11365,2012,379
11365,2013,394
11365,2014,363
11365,2015,340
11365,2016,365
11366,2006,251
11366,2007,246
11366,2008,279
11366,2009,207
11366,2010,189
11366,2011,186
11366,2012,159
11366,2013,209
11366,2014,161
11366,2015,146
11366,2016,148
11367,2006,698
11367,2007,600
11367,2008,568
11367,2009,495
11367,2010,469
11367,2011,444
11367,2012,512
11367,2013,521
11367,2014,447
11367,2015,446
11367,2016,489
11368,2006,2171
11368,2007,1909
11368,2008,1986
11368,2009,1957
11368,2010,2061
11368,2011,1968
11368,2012,1991
11368,2013,2062
11368,2014,2189
11368,2015,1994
11368,2016,2107
11369,2006,748
11369,2007,839
11369,2008,778
11369,2009,823
11369,2010,857
11369,2011,955
11369,2012,880
11369,2013,868
11369,2014,809
11369,2015,536
11369,2016,594
11370,2006,494
11370,2007,440
11370,2008,389
11370,2009,382
11370,2010,385
11370,2011,357
11370,2012,700
11370,2013,822
11370,2014,857
11370,2015,794
11370,2016,815
11371,2006,37
11371,2007,32
11371,2008,41
11371,2010,20
11371,2011,21
11371,2013,63
11371,2014,62
11371,2015,27
11371,2016,10
11371,2009,14
11371,2012,14
11372,2006,1424
11372,2007,1401
11372,2008,1289
11372,2009,1228
11372,2010,1243
11372,2011,1359
11372,2012,1344
11372,2013,1379
11372,2014,1610
11372,2015,1479
11372,2016,1602
11373,2006,1710
11373,2007,1692
11373,2008,1617
11373,2009,1349
11373,2010,1362
11373,2011,1444
11373,2012,1447
11373,2013,1504
11373,2014,1316
11373,2015,1347
11373,2016,1398
11374,2006,617
11374,2007,583
11374,2008,519
11374,2009,425
11374,2010,423
11374,2011,470
11374,2012,475
11374,2013,446
11374,2014,418
11374,2015,377
11374,2016,366
11375,2006,1027
11375,2007,912
11375,2008,792
11375,2009,686
11375,2010,642
11375,2011,676
11375,2012,695
11375,2013,655
11375,2014,614
11375,2015,562
11375,2016,522
11377,2006,1524
11377,2007,1354
11377,2008,1271
11377,2009,1224
11377,2010,1348
11377,2011,1261
11377,2012,1123
11377,2013,1307
11377,2014,1345
11377,2015,1163
11377,2016,1100
11378,2006,583
11378,2007,506
11378,2008,494
11378,2009,488
11378,2010,558
11378,2011,510
11378,2012,551
11378,2013,450
11378,2014,474
11378,2015,408
11378,2016,406
11379,2006,362
11379,2007,316
11379,2008,297
11379,2009,311
11379,2010,336
11379,2011,341
11379,2012,370
11379,2013,379
11379,2014,301
11379,2015,251
11379,2016,273
11381,2006,22
11381,2007,25
11381,2009,21
11381,2010,17
11381,2012,11
11381,2013,17
11381,2014,13
11381,2015,15
11381,2016,11
11381,2008,14
11381,2011,14
11385,2006,1869
11385,2007,1686
11385,2008,1810
11385,2009,1844
11385,2010,1931
11385,2011,1960
11385,2012,1972
11385,2013,1711
11385,2014,1644
11385,2015,1427
11385,2016,1411
11405,2007,8
11405,2011,10
11405,2006,2
11405,2016,3
11405,2010,4
11405,2013,4
11405,2015,4
11405,2009,5
11405,2014,5
11405,2008,7
11405,2012,9
11411,2006,356
11411,2007,296
11411,2008,338
11411,2009,304
11411,2010,317
11411,2011,329
11411,2012,285
11411,2013,328
11411,2014,295
11411,2015,326
11411,2016,318
11412,2006,693
11412,2007,679
11412,2008,754
11412,2009,722
11412,2010,783
11412,2011,850
11412,2012,917
11412,2013,824
11412,2014,696
11412,2015,649
11412,2016,628
11413,2006,831
11413,2007,822
11413,2008,854
11413,2009,844
11413,2010,798
11413,2011,890
11413,2012,789
11413,2013,825
11413,2014,769
11413,2015,838
11413,2016,726
11414,2006,344
11414,2007,316
11414,2008,287
11414,2009,261
11414,2010,273
11414,2011,299
11414,2012,307
11414,2013,304
11414,2014,323
11414,2015,353
11414,2016,288
11415,2006,216
11415,2007,196
11415,2008,171
11415,2009,141
11415,2010,193
11415,2011,177
11415,2012,154
11415,2013,168
11415,2014,180
11415,2015,178
11415,2016,164
11416,2006,452
11416,2007,430
11416,2008,460
11416,2009,438
11416,2010,408
11416,2011,412
11416,2012,469
11416,2013,483
11416,2014,444
11416,2015,389
11416,2016,332
11417,2006,709
11417,2007,654
11417,2008,620
11417,2009,588
11417,2010,590
11417,2011,537
11417,2012,605
11417,2013,621
11417,2014,584
11417,2015,585
11417,2016,550
11418,2006,740
11418,2007,746
11418,2008,775
11418,2009,775
11418,2010,735
11418,2011,693
11418,2012,778
11418,2013,801
11418,2014,731
11418,2015,729
11418,2016,656
11419,2006,896
11419,2007,1074
11419,2008,924
11419,2009,888
11419,2010,919
11419,2011,910
11419,2012,922
11419,2013,983
11419,2014,836
11419,2015,802
11419,2016,776
11420,2006,945
11420,2007,948
11420,2008,950
11420,2009,850
11420,2010,803
11420,2011,863
11420,2012,914
11420,2013,933
11420,2014,861
11420,2015,874
11420,2016,732
11421,2006,751
11421,2007,730
11421,2008,739
11421,2009,628
11421,2010,643
11421,2011,615
11421,2012,643
11421,2013,688
11421,2014,599
11421,2015,568
11421,2016,473
11422,2006,547
11422,2007,492
11422,2008,508
11422,2009,492
11422,2010,488
11422,2011,495
11422,2012,543
11422,2013,503
11422,2014,515
11422,2015,496
11422,2016,434
11423,2006,611
11423,2007,488
11423,2008,516
11423,2009,550
11423,2010,512
11423,2011,514
11423,2012,599
11423,2013,567
11423,2014,470
11423,2015,503
11423,2016,453
11425,2007,1
11425,2011,1
11425,2013,1
11426,2006,248
11426,2007,213
11426,2008,210
11426,2009,206
11426,2010,191
11426,2011,221
11426,2012,202
11426,2013,191
11426,2014,185
11426,2015,214
11426,2016,196
11427,2006,342
11427,2007,306
11427,2008,305
11427,2009,291
11427,2010,317
11427,2011,268
11427,2012,278
11427,2013,281
11427,2014,243
11427,2015,244
11427,2016,251
11428,2006,285
11428,2007,295
11428,2008,268
11428,2009,274
11428,2010,254
11428,2011,269
11428,2012,263
11428,2013,263
11428,2014,271
11428,2015,283
11428,2016,270
11429,2006,471
11429,2007,454
11429,2008,417
11429,2009,452
11429,2010,490
11429,2011,454
11429,2012,521
11429,2013,432
11429,2014,401
11429,2015,393
11429,2016,385
11430,2006,46
11430,2007,282
11430,2008,178
11430,2010,72
11430,2011,12
11430,2012,13
11430,2013,11
11430,2014,19
11430,2015,20
11430,2016,15
11430,2009,14
11432,2006,1754
11432,2007,1577
11432,2008,1450
11432,2009,1348
11432,2010,1361
11432,2011,1349
11432,2012,1382
11432,2013,1523
11432,2014,1469
11432,2015,1429
11432,2016,1348
11433,2006,1182
11433,2007,1195
11433,2008,1224
11433,2009,1119
11433,2010,1271
11433,2011,1171
11433,2012,1229
11433,2013,1330
11433,2014,1189
11433,2015,1218
11433,2016,994
11434,2006,1504
11434,2007,1676
11434,2008,1652
11434,2009,1543
11434,2010,1585
11434,2011,1618
11434,2012,1612
11434,2013,1613
11434,2014,1559
11434,2015,1669
11434,2016,1656
11435,2006,1379
11435,2007,1226
11435,2008,1272
11435,2009,1267
11435,2010,1186
11435,2011,1230
11435,2012,1182
11435,2013,1299
11435,2014,1176
11435,2015,1194
11435,2016,1041
11436,2006,486
11436,2007,561
11436,2008,556
11436,2009,464
11436,2010,490
11436,2011,483
11436,2012,516
11436,2013,521
11436,2014,469
11436,2015,388
11436,2016,318
11439,2006,1
11439,2008,1
11439,2012,1
11439,2013,1
11439,2015,1
11439,2007,2
11439,2011,3
11439,2014,3
11439,2016,3
11439,2009,4
11439,2010,4
11451,2006,74
11451,2007,73
11451,2008,63
11451,2009,58
11451,2010,54
11451,2011,48
11451,2012,50
11451,2013,40
11451,2014,53
11451,2015,46
11451,2016,53
11557,2006,1
11557,2009,1
11557,2010,1
11557,2012,1
11557,2013,1
11559,2007,2
11580,2012,1
11580,2007,2
11580,2008,2
11580,2015,2
11580,2009,3
11580,2011,3
11580,2016,3
11580,2010,4
11580,2014,4
11580,2006,5
11580,2013,6
11581,2016,1
11691,2006,1152
11691,2007,1219
11691,2008,1196
11691,2009,1128
11691,2010,1169
11691,2011,1206
11691,2012,1484
11691,2013,1480
11691,2014,1416
11691,2015,1556
11691,2016,1535
11692,2006,340
11692,2007,362
11692,2008,415
11692,2009,381
11692,2010,408
11692,2011,410
11692,2012,457
11692,2013,443
11692,2014,473
11692,2015,487
11692,2016,505
11693,2006,270
11693,2007,264
11693,2008,284
11693,2009,312
11693,2010,279
11693,2011,319
11693,2012,315
11693,2013,318
11693,2014,301
11693,2015,302
11693,2016,354
11694,2006,235
11694,2007,273
11694,2008,234
11694,2009,279
11694,2010,269
11694,2011,257
11694,2012,334
11694,2013,330
11694,2014,331
11694,2015,281
11694,2016,291
11697,2006,16
11697,2008,13
11697,2010,15
11697,2011,23
11697,2012,63
11697,2013,29
11697,2014,28
11697,2015,30
11697,2016,54
11697,2007,4
11697,2009,9
12534,2013,1
12534,2015,1
12534,2016,1
12534,2009,2
