Zip_Code,Job_Type,YEAR,f0_
11416,NB,2013,1
11104,DM,2013,1
11422,DM,2013,1
11430,A2,2013,1
11415,DM,2013,1
11372,DM,2013,1
10031,DM,2013,1
10110,A2,2013,1
10021,DM,2013,1
11451,A2,2013,1
10022,DM,2013,1
11411,DM,2013,1
11242,A2,2013,1
11023,DM,2013,1
10055,A2,2013,1
10044,NB,2013,1
10475,DM,2013,1
10017,DM,2013,1
11430,DM,2013,1
10119,A1,2013,1
10473,DM,2013,1
10039,A1,2013,1
10112,A2,2013,1
10451,DM,2013,1
10162,A2,2013,1
10454,DM,2013,1
10032,DM,2013,1
11692,NB,2013,1
10039,DM,2013,1
11428,NB,2013,1
11040,DM,2013,1
10111,A1,2013,1
11222,A2,2013,257
10307,DM,2013,2
11001,DM,2013,2
11363,DM,2013,2
10310,NB,2013,2
11374,DM,2013,2
11104,NB,2013,2
10030,NB,2013,2
10033,NB,2013,2
11412,DM,2013,2
11429,NB,2013,2
10075,DM,2013,2
10470,NB,2013,2
11001,NB,2013,2
11242,A1,2013,2
11692,DM,2013,2
10010,DM,2013,2
11216,DM,2013,2
11040,NB,2013,2
11436,DM,2013,2
10470,A1,2013,2
10024,DM,2013,2
10461,DM,2013,2
12534,A2,2013,2
10803,A2,2013,2
11370,DM,2013,2
10036,DM,2013,2
10455,DM,2013,2
11692,A1,2013,2
11419,DM,2013,2
10080,A1,2013,2
11434,DM,2013,2
11428,DM,2013,2
11369,DM,2013,2
10023,NB,2013,2
11411,NB,2013,2
11239,A1,2013,2
10035,DM,2013,2
11367,DM,2013,2
10031,NB,2013,2
10176,A2,2013,2
11417,DM,2013,2
11212,DM,2013,2
10459,DM,2013,3
10474,NB,2013,3
10166,A1,2013,3
10040,NB,2013,3
10310,A1,2013,3
11360,DM,2013,3
11359,A2,2013,3
11426,NB,2013,3
10282,A1,2013,3
10465,DM,2013,3
10452,DM,2013,3
10475,NB,2013,3
11421,DM,2013,3
10475,A1,2013,3
11366,DM,2013,3
10040,A1,2013,3
11379,NB,2013,3
10004,DM,2013,3
10451,NB,2013,3
11236,DM,2013,3
11422,NB,2013,3
10457,DM,2013,3
10469,DM,2013,3
10129,A2,2013,3
10065,DM,2013,3
11433,DM,2013,3
10453,A1,2013,3
10012,DM,2013,3
10065,NB,2013,3
11429,DM,2013,3
10468,NB,2013,3
11372,NB,2013,3
10453,DM,2013,3
10120,A1,2013,3
11209,DM,2013,3
11375,DM,2013,3
11106,NB,2013,3
11360,NB,2013,3
10471,DM,2013,3
11040,A1,2013,4
10473,A1,2013,4
11428,A1,2013,4
11362,DM,2013,4
11207,DM,2013,4
10075,NB,2013,4
10005,A1,2013,4
10128,NB,2013,4
10456,DM,2013,4
10458,DM,2013,4
11421,NB,2013,4
10462,DM,2013,4
10026,DM,2013,4
11004,DM,2013,4
10473,NB,2013,4
10474,DM,2013,4
11427,NB,2013,4
10453,NB,2013,4
10037,NB,2013,4
11416,DM,2013,4
11234,DM,2013,4
11228,DM,2013,4
10025,DM,2013,4
10009,DM,2013,4
10028,DM,2013,4
10017,NB,2013,4
11370,NB,2013,5
10458,NB,2013,5
11356,NB,2013,5
11385,DM,2013,5
11203,DM,2013,5
11418,DM,2013,5
11205,DM,2013,5
10036,NB,2013,5
11415,A1,2013,5
10006,NB,2013,5
10302,DM,2013,5
10024,NB,2013,5
10016,DM,2013,5
10013,DM,2013,5
10006,A1,2013,5
11435,DM,2013,5
10468,A1,2013,5
11360,A1,2013,5
10270,A2,2013,5
10172,A2,2013,5
11379,DM,2013,5
10004,NB,2013,5
11105,DM,2013,5
11237,DM,2013,5
11109,A2,2013,5
11105,NB,2013,5
10307,A1,2013,5
11209,NB,2013,5
10460,A1,2013,6
10011,DM,2013,6
10175,A2,2013,6
11363,NB,2013,6
10037,A1,2013,6
11363,A1,2013,6
11436,A1,2013,6
11001,A1,2013,6
10308,DM,2013,6
10474,A1,2013,6
11225,DM,2013,6
10310,DM,2013,6
10281,A2,2013,6
10302,A1,2013,6
11364,DM,2013,6
10302,NB,2013,6
11423,NB,2013,6
10452,A1,2013,6
10115,A2,2013,6
10002,DM,2013,6
11423,DM,2013,6
11204,DM,2013,6
11103,NB,2013,6
11691,DM,2013,6
10464,NB,2013,6
11427,A1,2013,6
10123,A2,2013,6
11226,DM,2013,6
11413,DM,2013,6
11004,NB,2013,6
10034,A1,2013,6
11415,NB,2013,6
11358,DM,2013,6
11218,NB,2013,6
11213,DM,2013,6
10312,A2,2013,262
10038,DM,2013,7
10460,DM,2013,7
10463,NB,2013,7
11436,NB,2013,7
10025,NB,2013,7
11361,NB,2013,7
11697,A1,2013,7
10033,A1,2013,7
11217,DM,2013,7
10462,NB,2013,7
11375,NB,2013,7
11232,DM,2013,7
10009,NB,2013,7
10018,DM,2013,7
11426,DM,2013,7
11693,NB,2013,7
11104,A1,2013,7
11365,DM,2013,7
10463,DM,2013,7
10020,A1,2013,7
10177,A2,2013,7
10464,A1,2013,8
11357,DM,2013,8
10472,A1,2013,8
10039,NB,2013,8
11210,NB,2013,8
11434,NB,2013,8
11234,NB,2013,8
11201,DM,2013,8
10075,A1,2013,8
10029,NB,2013,8
10469,NB,2013,8
11212,A1,2013,8
10466,DM,2013,8
10463,A1,2013,9
10038,NB,2013,9
10471,NB,2013,9
11374,NB,2013,9
10004,A1,2013,9
10301,A1,2013,9
10468,DM,2013,9
10007,A1,2013,9
11212,NB,2013,9
11378,DM,2013,9
10019,DM,2013,9
11238,DM,2013,9
11354,A2,2013,265
10021,NB,2013,10
11223,NB,2013,10
11001,A2,2013,10
11432,DM,2013,10
11231,DM,2013,10
10032,A1,2013,10
11414,DM,2013,10
10458,A1,2013,10
11215,DM,2013,10
10026,NB,2013,10
10012,NB,2013,10
11433,A1,2013,10
11249,DM,2013,10
11103,DM,2013,10
11421,A1,2013,10
11418,NB,2013,10
11356,DM,2013,10
10022,NB,2013,10
11106,DM,2013,10
11366,NB,2013,10
10455,NB,2013,10
10022,A2,2013,1546
10456,NB,2013,11
11418,A1,2013,11
10459,NB,2013,11
10010,NB,2013,11
10028,NB,2013,11
10011,NB,2013,11
10454,NB,2013,11
10465,NB,2013,11
11367,NB,2013,11
11435,NB,2013,11
10454,A1,2013,11
10452,NB,2013,11
11232,NB,2013,11
10462,A1,2013,11
11417,A1,2013,11
11223,DM,2013,11
11420,DM,2013,11
10455,A1,2013,11
10019,NB,2013,11
10301,DM,2013,11
11226,NB,2013,11
10036,A2,2013,1035
10122,A2,2013,12
11361,DM,2013,12
10308,NB,2013,12
10032,NB,2013,12
11369,A1,2013,12
10309,A1,2013,12
11426,A1,2013,12
11372,A1,2013,12
11214,NB,2013,12
10301,NB,2013,12
10457,NB,2013,12
11222,DM,2013,12
11203,NB,2013,12
11004,A1,2013,12
10303,NB,2013,12
11233,DM,2013,12
10457,A1,2013,12
10456,A1,2013,12
10466,A1,2013,12
10003,A2,2013,1036
11412,A1,2013,13
10014,NB,2013,13
11210,DM,2013,13
11214,DM,2013,13
11230,NB,2013,13
10471,A1,2013,13
10461,NB,2013,13
11232,A1,2013,13
10279,A2,2013,13
10035,NB,2013,13
11217,NB,2013,13
10459,A1,2013,13
10465,A1,2013,13
10309,NB,2013,13
11221,DM,2013,13
10308,A1,2013,14
11224,A1,2013,14
11229,DM,2013,14
11419,A1,2013,14
10460,NB,2013,14
11414,A1,2013,14
11369,NB,2013,14
11433,NB,2013,14
10303,A1,2013,14
11208,A1,2013,14
11241,A2,2013,14
11411,A1,2013,15
11691,NB,2013,15
11356,A1,2013,15
11208,DM,2013,15
11374,A1,2013,15
11102,A1,2013,15
11691,A1,2013,15
10018,NB,2013,15
11228,NB,2013,15
10451,A1,2013,15
11366,A1,2013,15
11432,NB,2013,16
11220,DM,2013,16
10305,A1,2013,16
10030,A1,2013,16
10027,DM,2013,16
11413,NB,2013,16
11228,A1,2013,16
10466,NB,2013,16
11213,NB,2013,16
11218,DM,2013,16
11368,DM,2013,16
11367,A1,2013,16
11373,DM,2013,16
11206,DM,2013,16
11225,A1,2013,16
11412,NB,2013,16
11370,A1,2013,16
11423,A1,2013,16
10007,A2,2013,272
11434,A1,2013,17
10013,NB,2013,17
11429,A1,2013,17
10305,DM,2013,17
11694,A1,2013,17
10027,NB,2013,17
10038,A1,2013,17
10304,DM,2013,17
11375,A1,2013,17
10001,DM,2013,17
11377,DM,2013,17
10464,A2,2013,17
10304,A1,2013,17
11377,NB,2013,17
10128,A1,2013,17
11362,NB,2013,17
11224,DM,2013,17
10271,A2,2013,18
11106,A1,2013,18
10158,A2,2013,18
11365,NB,2013,18
11354,DM,2013,18
11422,A1,2013,18
10461,A1,2013,19
11225,NB,2013,19
10044,A2,2013,19
11435,A1,2013,19
10472,NB,2013,19
10025,A1,2013,19
11235,DM,2013,19
11102,DM,2013,19
11420,A1,2013,19
11411,A2,2013,19
10031,A1,2013,19
10309,DM,2013,20
10314,DM,2013,20
11220,NB,2013,20
11378,NB,2013,20
11229,NB,2013,20
10029,A1,2013,20
11218,A1,2013,20
11693,A1,2013,21
11214,A1,2013,21
11361,A1,2013,21
11237,NB,2013,21
11429,A2,2013,21
10467,A1,2013,21
10002,NB,2013,21
10018,A1,2013,21
11213,A1,2013,22
11362,A1,2013,22
10168,A2,2013,22
11414,NB,2013,22
10016,NB,2013,22
11693,DM,2013,22
11416,A1,2013,22
11358,NB,2013,22
11209,A1,2013,22
10312,A1,2013,23
11385,NB,2013,23
11203,A1,2013,23
11204,NB,2013,23
11364,NB,2013,23
10469,A1,2013,24
11224,NB,2013,24
10120,A2,2013,24
10009,A1,2013,24
11354,NB,2013,24
11226,A1,2013,24
11210,A1,2013,24
11236,A1,2013,24
10035,A1,2013,24
10174,A2,2013,24
10467,DM,2013,24
10069,A2,2013,24
10010,A1,2013,24
11102,NB,2013,24
11378,A1,2013,25
11355,DM,2013,25
11357,NB,2013,25
11364,A1,2013,25
11234,A1,2013,25
10036,A1,2013,25
11379,A1,2013,25
10028,A1,2013,25
11211,DM,2013,25
11694,NB,2013,26
10017,A1,2013,26
10026,A1,2013,26
11413,A1,2013,26
10022,A1,2013,26
11420,NB,2013,26
11216,NB,2013,26
11105,A1,2013,26
10467,NB,2013,26
11235,NB,2013,26
11373,A1,2013,27
10312,DM,2013,27
11249,NB,2013,27
11436,A2,2013,27
10121,A2,2013,27
10306,A1,2013,27
11358,A1,2013,27
11040,A2,2013,28
11230,DM,2013,28
11215,NB,2013,28
10105,A2,2013,28
11101,DM,2013,28
10107,A2,2013,28
10280,A2,2013,28
11205,A1,2013,29
11229,A1,2013,30
10314,A1,2013,30
11385,A1,2013,30
10018,A2,2013,798
11219,DM,2013,31
11223,A1,2013,31
10023,A1,2013,31
10154,A2,2013,31
11103,A1,2013,32
11236,NB,2013,32
10165,A2,2013,32
10155,A2,2013,32
10019,A1,2013,32
11377,A1,2013,32
11355,A1,2013,32
11230,A1,2013,32
10470,A2,2013,32
11220,A2,2013,288
11426,A2,2013,33
11432,A1,2013,33
11204,A1,2013,34
10151,A2,2013,34
11233,A1,2013,34
10307,NB,2013,34
11694,DM,2013,35
11368,A1,2013,35
11363,A2,2013,35
10173,A2,2013,35
11354,A1,2013,36
11357,A1,2013,36
10016,A2,2013,1060
10001,A1,2013,37
10104,A2,2013,37
10065,A1,2013,37
10305,NB,2013,37
10106,A2,2013,37
10304,NB,2013,38
10012,A1,2013,39
11249,A1,2013,39
11422,A2,2013,40
10016,A1,2013,40
11365,A1,2013,41
10039,A2,2013,41
10002,A1,2013,42
10282,A2,2013,42
10302,A2,2013,42
11428,A2,2013,42
11373,NB,2013,43
11355,NB,2013,43
11368,NB,2013,44
11004,A2,2013,44
11222,A1,2013,44
11207,A1,2013,44
11237,A1,2013,44
11239,A2,2013,45
10001,NB,2013,45
11219,A1,2013,45
11208,NB,2013,45
10021,A1,2013,46
11101,A1,2013,46
10314,NB,2013,47
10303,A2,2013,47
11697,A2,2013,47
11692,A2,2013,47
11366,A2,2013,47
11221,A2,2013,303
11235,A1,2013,48
10024,A1,2013,48
10013,A2,2013,1072
10306,DM,2013,49
11222,NB,2013,49
10009,A2,2013,305
11206,A2,2013,305
11235,A2,2013,305
11370,A2,2013,50
11231,NB,2013,50
11206,A1,2013,50
11233,NB,2013,50
10152,A2,2013,50
11417,NB,2013,50
11219,NB,2013,51
11416,A2,2013,51
11356,A2,2013,52
11217,A1,2013,52
11415,A2,2013,52
10314,A2,2013,308
11369,A2,2013,53
10166,A2,2013,53
11362,A2,2013,54
11360,A2,2013,54
10167,A2,2013,54
10312,NB,2013,55
11238,NB,2013,55
11412,A2,2013,55
10037,A2,2013,56
10075,A2,2013,312
11414,A2,2013,58
11413,A2,2013,59
11427,A2,2013,59
11421,A2,2013,59
11231,A1,2013,59
11417,A2,2013,59
10170,A2,2013,60
11693,A2,2013,60
11423,A2,2013,61
10032,A2,2013,317
10306,NB,2013,62
10169,A2,2013,62
10474,A2,2013,63
10003,A1,2013,63
10119,A2,2013,63
11205,NB,2013,64
11215,A1,2013,64
10027,A1,2013,65
10014,A1,2013,66
10475,A2,2013,66
11201,NB,2013,66
11364,A2,2013,67
10011,A1,2013,67
11101,NB,2013,67
10029,A2,2013,323
11201,A1,2013,69
10471,A2,2013,69
10001,A2,2013,1093
10473,A2,2013,70
10013,A1,2013,70
11433,A2,2013,71
11238,A2,2013,327
11221,A1,2013,72
11216,A1,2013,72
10024,A2,2013,584
11220,A1,2013,75
10465,A2,2013,76
11238,A1,2013,76
11420,A2,2013,77
11365,A2,2013,79
10040,A2,2013,79
10310,A2,2013,80
11207,NB,2013,81
11379,A2,2013,83
10011,A2,2013,1109
11211,A1,2013,86
11211,NB,2013,87
11434,A2,2013,88
11221,NB,2013,88
11203,A2,2013,89
10111,A2,2013,90
11239,NB,2013,90
10153,A2,2013,93
11104,A2,2013,93
10034,A2,2013,93
11236,A2,2013,93
10030,A2,2013,95
11361,A2,2013,96
11358,A2,2013,96
11217,A2,2013,353
11418,A2,2013,98
11206,NB,2013,99
11694,A2,2013,99
11102,A2,2013,101
11367,A2,2013,102
11697,DM,2013,103
11419,A2,2013,103
10466,A2,2013,105
10459,A2,2013,105
10118,A2,2013,108
10469,A2,2013,108
11691,A2,2013,108
10021,A2,2013,620
10454,A2,2013,111
11435,A2,2013,112
11378,A2,2013,112
11213,A2,2013,116
11374,A2,2013,116
11228,A2,2013,117
11211,A2,2013,373
10308,A2,2013,118
11232,A2,2013,119
10460,A2,2013,119
11212,A2,2013,119
10455,A2,2013,119
10452,A2,2013,120
10006,A2,2013,122
11697,NB,2013,122
10304,A2,2013,122
10026,A2,2013,125
11225,A2,2013,128
11357,A2,2013,130
10472,A2,2013,131
10301,A2,2013,131
11210,A2,2013,131
11234,A2,2013,132
10305,A2,2013,134
11208,A2,2013,140
10005,A2,2013,397
11105,A2,2013,143
10457,A2,2013,143
11432,A2,2013,145
11224,A2,2013,146
11106,A2,2013,147
10456,A2,2013,148
10468,A2,2013,148
11103,A2,2013,150
10080,A2,2013,151
11229,A2,2013,152
10467,A2,2013,154
10017,A2,2013,1178
11214,A2,2013,156
11223,A2,2013,157
11230,A2,2013,158
10033,A2,2013,161
10451,A2,2013,162
11219,A2,2013,163
10453,A2,2013,166
10025,A2,2013,678
10307,A2,2013,167
10462,A2,2013,168
10027,A2,2013,426
11377,A2,2013,172
10012,A2,2013,685
11226,A2,2013,174
11375,A2,2013,177
11372,A2,2013,177
11204,A2,2013,179
10010,A2,2013,692
11218,A2,2013,181
10309,A2,2013,181
11233,A2,2013,181
11249,A2,2013,187
10031,A2,2013,187
11373,A2,2013,188
10463,A2,2013,188
10035,A2,2013,195
11368,A2,2013,199
11209,A2,2013,205
10020,A2,2013,209
11355,A2,2013,211
10014,A2,2013,724
10023,A2,2013,726
11215,A2,2013,471
11205,A2,2013,216
10028,A2,2013,474
11237,A2,2013,222
10461,A2,2013,223
10306,A2,2013,225
10065,A2,2013,738
11201,A2,2013,738
11216,A2,2013,227
11207,A2,2013,227
11385,A2,2013,228
11101,A2,2013,486
11231,A2,2013,233
10019,A2,2013,1257
10038,A2,2013,493
10002,A2,2013,495
10128,A2,2013,503
10458,A2,2013,253
10004,A2,2013,509
11415,DM,2014,1
11001,NB,2014,1
11451,A2,2014,1
10454,DM,2014,1
10104,A1,2014,1
10032,DM,2014,1
11104,DM,2014,1
10162,A2,2014,1
10803,NB,2014,1
10474,DM,2014,1
11411,NB,2014,1
14623,A2,2014,1
10166,A1,2014,1
11005,A2,2014,1
10169,A1,2014,1
10017,DM,2014,1
10017,NB,2014,1
10026,DM,2014,1
11426,DM,2014,1
11416,DM,2014,1
10004,NB,2014,1
11428,NB,2014,1
10175,A1,2014,1
10308,A1,2014,1
11205,A2,2014,257
11692,NB,2014,2
10006,DM,2014,2
10452,DM,2014,2
11439,A2,2014,2
10453,DM,2014,2
10471,DM,2014,2
10469,DM,2014,2
11209,NB,2014,2
11422,DM,2014,2
10028,DM,2014,2
10029,DM,2014,2
10007,DM,2014,2
10040,DM,2014,2
10464,DM,2014,2
11369,DM,2014,2
11428,DM,2014,2
10069,A1,2014,2
10463,DM,2014,2
10464,A1,2014,2
11692,A1,2014,2
11239,NB,2014,2
10023,DM,2014,2
10456,DM,2014,2
11421,NB,2014,2
11379,DM,2014,2
11001,DM,2014,2
10022,A2,2014,1538
10461,DM,2014,3
11427,DM,2014,3
10028,NB,2014,3
10302,DM,2014,3
10474,NB,2014,3
11360,DM,2014,3
10111,A1,2014,3
11415,A1,2014,3
11366,NB,2014,3
10021,NB,2014,3
10037,A1,2014,3
11379,NB,2014,3
11419,NB,2014,3
11429,DM,2014,3
11356,DM,2014,3
10466,DM,2014,3
10003,DM,2014,3
10080,A1,2014,3
10470,DM,2014,3
11434,DM,2014,3
10020,A1,2014,3
10454,A1,2014,3
11418,DM,2014,3
10040,A1,2014,3
11411,A1,2014,3
11236,DM,2014,3
11370,NB,2014,3
11693,DM,2014,3
11416,NB,2014,3
10023,NB,2014,3
10038,DM,2014,3
10455,DM,2014,3
10004,DM,2014,3
10033,DM,2014,3
10281,A2,2014,3
10039,A1,2014,3
11363,NB,2014,3
11418,NB,2014,3
11417,DM,2014,4
10466,NB,2014,4
10014,DM,2014,4
11378,DM,2014,4
11236,NB,2014,4
10024,DM,2014,4
11423,DM,2014,4
11228,DM,2014,4
11104,A1,2014,4
11234,DM,2014,4
10123,A2,2014,4
10044,NB,2014,4
11214,DM,2014,4
11203,DM,2014,4
11367,DM,2014,4
10069,NB,2014,4
11436,DM,2014,4
11413,DM,2014,4
11104,NB,2014,4
10465,NB,2014,4
10475,A1,2014,4
11694,DM,2014,4
10468,DM,2014,4
11105,DM,2014,4
11429,NB,2014,5
11243,A2,2014,5
10308,DM,2014,5
10465,DM,2014,5
10468,A1,2014,5
11040,A1,2014,5
11420,DM,2014,5
11427,A1,2014,5
10075,NB,2014,5
10473,DM,2014,5
11372,DM,2014,5
10467,DM,2014,5
11436,NB,2014,5
10010,DM,2014,5
10035,DM,2014,5
10032,NB,2014,5
11428,A1,2014,5
11414,DM,2014,5
11419,DM,2014,5
10803,A2,2014,5
11242,A2,2014,5
10031,NB,2014,5
11215,DM,2014,5
10460,A1,2014,5
10030,NB,2014,5
10303,A1,2014,5
11423,NB,2014,5
11001,A1,2014,5
11225,DM,2014,5
10040,NB,2014,5
10452,A1,2014,5
11372,NB,2014,5
10036,DM,2014,5
11416,A1,2014,5
10005,NB,2014,5
10462,DM,2014,5
11360,NB,2014,6
11430,A2,2014,6
11366,DM,2014,6
11213,DM,2014,6
10307,A1,2014,6
10011,DM,2014,6
11369,NB,2014,6
10460,DM,2014,6
11412,DM,2014,6
10270,A2,2014,6
10470,NB,2014,6
10176,A2,2014,6
11691,DM,2014,6
10027,DM,2014,6
10310,A1,2014,6
11435,DM,2014,6
11004,DM,2014,6
11421,A1,2014,6
10470,A1,2014,6
10471,NB,2014,6
10034,A1,2014,6
10012,DM,2014,6
10005,A2,2014,262
10003,NB,2014,7
11233,DM,2014,7
11432,DM,2014,7
10468,NB,2014,7
10006,NB,2014,7
11103,DM,2014,7
11417,A1,2014,7
10039,NB,2014,7
10112,A2,2014,7
10457,A1,2014,7
11357,DM,2014,7
11218,DM,2014,7
10303,DM,2014,7
10172,A2,2014,7
10458,A1,2014,7
11224,DM,2014,7
10453,A1,2014,7
10033,NB,2014,7
11004,NB,2014,7
11220,DM,2014,7
11375,DM,2014,7
10460,NB,2014,7
10022,DM,2014,7
11217,DM,2014,7
10307,DM,2014,7
12534,A2,2014,7
10025,A2,2014,775
11691,NB,2014,8
11241,A2,2014,8
11375,NB,2014,8
11212,DM,2014,8
10463,A1,2014,8
10451,DM,2014,8
11228,A1,2014,8
10302,NB,2014,8
10310,DM,2014,8
10302,A1,2014,8
10462,NB,2014,8
10308,NB,2014,8
10457,DM,2014,8
10309,A1,2014,8
11372,A1,2014,8
10026,NB,2014,8
10019,DM,2014,8
10453,NB,2014,8
11427,NB,2014,8
10025,NB,2014,8
10033,A1,2014,8
10310,NB,2014,8
11367,NB,2014,8
10475,NB,2014,8
10462,A1,2014,9
10018,DM,2014,9
11377,DM,2014,9
11422,NB,2014,9
11356,NB,2014,9
11365,DM,2014,9
10459,NB,2014,9
10037,NB,2014,9
11354,A2,2014,265
10454,NB,2014,10
11212,A1,2014,10
11365,NB,2014,10
10001,DM,2014,10
11109,A2,2014,10
11001,A2,2014,10
11433,DM,2014,10
10474,A1,2014,10
11412,A1,2014,10
11373,DM,2014,10
10467,NB,2014,10
10009,DM,2014,10
10005,A1,2014,10
10013,DM,2014,10
11210,DM,2014,10
11412,NB,2014,10
10007,NB,2014,10
11385,DM,2014,10
11362,DM,2014,10
11208,DM,2014,10
11426,NB,2014,10
10301,DM,2014,11
10036,NB,2014,11
11232,DM,2014,11
11237,DM,2014,11
10456,A1,2014,11
11102,A1,2014,11
11414,NB,2014,11
10305,DM,2014,11
10473,A1,2014,11
11697,A1,2014,11
10452,NB,2014,11
10455,A1,2014,11
10459,A1,2014,11
10458,DM,2014,11
10471,A1,2014,11
10022,NB,2014,11
10115,A2,2014,11
11223,NB,2014,12
11102,DM,2014,12
11228,NB,2014,12
11378,NB,2014,12
11361,DM,2014,12
11374,DM,2014,12
11356,A1,2014,12
11414,A1,2014,12
10024,NB,2014,12
11362,NB,2014,12
11433,A1,2014,12
10121,A2,2014,12
11436,A1,2014,12
10461,NB,2014,12
11429,A1,2014,12
11369,A1,2014,12
11374,NB,2014,12
10128,DM,2014,12
10065,NB,2014,13
11426,A1,2014,13
10455,NB,2014,13
10457,NB,2014,13
11693,NB,2014,13
10120,A2,2014,13
11693,A1,2014,13
10472,A1,2014,13
10014,NB,2014,13
10032,A1,2014,13
11417,NB,2014,13
11103,NB,2014,13
10055,A2,2014,13
11205,DM,2014,13
11418,A1,2014,13
11210,NB,2014,13
11363,A1,2014,13
10174,A2,2014,14
11207,DM,2014,14
11423,A1,2014,14
11434,NB,2014,14
10279,A2,2014,14
10309,DM,2014,14
10466,A1,2014,14
11420,NB,2014,14
11364,DM,2014,14
11419,A1,2014,15
10010,NB,2014,15
11249,DM,2014,15
10151,A2,2014,15
11374,A1,2014,15
11201,DM,2014,15
11203,A1,2014,15
11229,DM,2014,15
11232,A1,2014,15
11229,NB,2014,15
10304,DM,2014,15
10463,NB,2014,15
10451,A1,2014,15
11361,A1,2014,15
10035,NB,2014,15
10128,NB,2014,15
10016,DM,2014,15
10465,A1,2014,16
11004,A1,2014,16
11106,A1,2014,16
11413,NB,2014,16
11367,A1,2014,16
11422,A1,2014,16
11234,NB,2014,16
10461,A1,2014,16
10451,NB,2014,16
10456,NB,2014,16
10469,A1,2014,16
10469,NB,2014,17
10303,NB,2014,17
11106,DM,2014,17
11694,A1,2014,17
11212,NB,2014,17
11357,NB,2014,17
10467,A1,2014,17
10018,A1,2014,17
10464,A2,2014,17
11216,DM,2014,17
11362,A1,2014,17
11220,NB,2014,18
11370,A1,2014,18
11203,NB,2014,18
11377,NB,2014,18
10007,A1,2014,18
11358,NB,2014,18
11366,A1,2014,18
11204,DM,2014,18
10314,DM,2014,18
11358,DM,2014,19
11223,DM,2014,19
11231,DM,2014,19
11691,A1,2014,19
11219,DM,2014,19
10016,NB,2014,19
10175,A2,2014,19
10158,A2,2014,19
10177,A2,2014,19
11435,NB,2014,19
11218,NB,2014,19
10026,A1,2014,20
10009,NB,2014,20
10312,A1,2014,20
11225,A1,2014,20
11224,A1,2014,20
11413,A1,2014,20
10305,A1,2014,20
10304,A1,2014,20
11354,DM,2014,21
10002,DM,2014,21
10044,A2,2014,21
11363,A2,2014,21
11106,NB,2014,21
11232,NB,2014,21
10069,A2,2014,21
10029,A1,2014,21
10028,A1,2014,21
10458,NB,2014,21
11379,A1,2014,21
11433,NB,2014,21
10035,A1,2014,21
11102,NB,2014,21
10473,NB,2014,21
11230,DM,2014,21
10107,A2,2014,21
11208,NB,2014,22
11694,NB,2014,22
11385,NB,2014,22
11040,A2,2014,22
10167,A2,2014,22
10012,NB,2014,22
10038,NB,2014,22
10464,NB,2014,22
11218,A1,2014,22
10011,NB,2014,22
11236,A1,2014,23
10312,DM,2014,23
11103,A1,2014,23
10173,A2,2014,23
10301,A1,2014,23
10104,A2,2014,23
11355,DM,2014,23
11226,A1,2014,23
11213,NB,2014,23
11211,DM,2014,23
11235,DM,2014,23
11697,A2,2014,23
10027,NB,2014,24
11209,A1,2014,24
11420,A1,2014,24
11432,NB,2014,24
11225,NB,2014,24
11368,A1,2014,24
11105,NB,2014,25
11238,DM,2014,25
11214,NB,2014,25
11229,A1,2014,25
11697,DM,2014,25
10075,A1,2014,25
10029,NB,2014,25
10168,A2,2014,26
10122,A2,2014,26
10025,A1,2014,26
11234,A1,2014,26
11364,NB,2014,26
10031,A1,2014,26
11216,A2,2014,282
11206,DM,2014,27
10470,A2,2014,27
10128,A1,2014,27
11214,A1,2014,27
11226,DM,2014,27
11230,NB,2014,27
10019,NB,2014,27
10154,A2,2014,27
10004,A1,2014,27
10170,A2,2014,27
10306,A2,2014,283
10013,NB,2014,28
11436,A2,2014,28
10030,A1,2014,28
10022,A1,2014,28
10021,A1,2014,29
11208,A1,2014,29
11378,A1,2014,29
11213,A1,2014,29
11361,NB,2014,29
11216,NB,2014,29
10002,NB,2014,29
10032,A2,2014,285
10065,A1,2014,30
11364,A1,2014,30
11105,A1,2014,30
10307,NB,2014,30
10017,A1,2014,30
11373,NB,2014,30
11235,NB,2014,30
11377,A1,2014,30
11435,A1,2014,30
10106,A2,2014,31
10306,A1,2014,31
11373,A1,2014,31
10038,A1,2014,31
11428,A2,2014,32
10105,A2,2014,32
11368,DM,2014,33
10280,A2,2014,33
11375,A1,2014,33
11434,A1,2014,33
11210,A1,2014,33
11237,NB,2014,34
11385,A1,2014,35
10009,A1,2014,35
11215,NB,2014,35
11224,NB,2014,36
11222,DM,2014,36
11411,A2,2014,36
10314,A1,2014,36
11355,NB,2014,36
11221,DM,2014,36
10016,A1,2014,36
11429,A2,2014,36
10007,A2,2014,292
10027,A1,2014,37
10010,A1,2014,37
11101,DM,2014,37
11230,A1,2014,37
11235,A1,2014,37
10305,NB,2014,37
11207,A2,2014,293
10155,A2,2014,38
11693,A2,2014,38
11426,A2,2014,38
11358,A1,2014,38
11233,A1,2014,38
11221,A2,2014,294
11422,A2,2014,39
10166,A2,2014,39
11223,A1,2014,39
10153,A2,2014,39
11207,A1,2014,39
11205,NB,2014,40
11432,A1,2014,40
10024,A1,2014,41
10012,A1,2014,41
11355,A1,2014,41
10301,NB,2014,41
11357,A1,2014,42
10165,A2,2014,43
11249,A1,2014,43
11205,A1,2014,44
10169,A2,2014,44
11354,NB,2014,44
11354,A1,2014,45
11222,A2,2014,302
11226,NB,2014,47
10036,A1,2014,47
11204,NB,2014,47
10023,A1,2014,48
11412,A2,2014,48
10002,A1,2014,48
10018,NB,2014,50
11204,A1,2014,50
11231,A2,2014,306
10036,A2,2014,1074
11360,A2,2014,51
11427,A2,2014,52
10271,A2,2014,52
11004,A2,2014,52
11433,A2,2014,52
10474,A2,2014,52
10075,A2,2014,308
11415,A2,2014,53
10019,A1,2014,54
10003,A1,2014,54
10152,A2,2014,54
11423,A2,2014,54
11692,A2,2014,55
11233,NB,2014,55
11416,A2,2014,55
11237,A1,2014,56
11201,A2,2014,824
11366,A2,2014,57
10001,A1,2014,57
10306,NB,2014,58
11370,A2,2014,59
10024,A2,2014,571
10314,NB,2014,60
11206,A1,2014,60
11365,A1,2014,60
10037,A2,2014,60
11211,A2,2014,316
11101,A1,2014,61
11417,A2,2014,62
11421,A2,2014,62
11220,A2,2014,319
10309,NB,2014,64
11222,A1,2014,64
11368,NB,2014,64
11201,NB,2014,65
11217,NB,2014,66
10014,A1,2014,68
10304,NB,2014,69
11217,A2,2014,325
10001,NB,2014,70
11207,NB,2014,70
11222,NB,2014,72
10471,A2,2014,73
11219,NB,2014,73
11369,A2,2014,73
11219,A1,2014,74
11235,A2,2014,330
11211,A1,2014,75
11413,A2,2014,76
11362,A2,2014,76
10039,A2,2014,76
10001,A2,2014,1100
11217,A1,2014,77
10306,DM,2014,77
10021,A2,2014,590
10312,NB,2014,79
10011,A1,2014,80
11374,A2,2014,80
10013,A1,2014,80
11238,NB,2014,81
10312,A2,2014,337
11104,A2,2014,83
11694,A2,2014,83
11216,A1,2014,83
11420,A2,2014,83
10040,A2,2014,84
11379,A2,2014,84
11239,A2,2014,84
11231,A1,2014,84
10009,A2,2014,340
10119,A2,2014,85
10282,A2,2014,85
10469,A2,2014,87
11434,A2,2014,87
10310,A2,2014,87
11201,A1,2014,87
11356,A2,2014,88
11211,NB,2014,89
10459,A2,2014,91
10473,A2,2014,92
11414,A2,2014,97
11215,A1,2014,97
11101,NB,2014,97
10302,A2,2014,98
11220,A1,2014,98
10304,A2,2014,98
10466,A2,2014,99
11418,A2,2014,100
10465,A2,2014,102
11106,A2,2014,102
10010,A2,2014,871
11419,A2,2014,104
11212,A2,2014,104
10303,A2,2014,104
11221,A1,2014,104
10472,A2,2014,105
11357,A2,2014,105
11249,NB,2014,106
11238,A2,2014,363
11697,NB,2014,108
11361,A2,2014,108
11378,A2,2014,109
10111,A2,2014,109
10019,A2,2014,1389
11228,A2,2014,110
11358,A2,2014,110
11231,NB,2014,111
11367,A2,2014,111
11365,A2,2014,111
10034,A2,2014,111
11206,NB,2014,111
10307,A2,2014,115
10030,A2,2014,116
11221,NB,2014,117
10462,A2,2014,118
10016,A2,2014,1143
11210,A2,2014,121
10014,A2,2014,633
10455,A2,2014,124
11105,A2,2014,125
11364,A2,2014,125
11435,A2,2014,125
10011,A2,2014,1149
11208,A2,2014,128
10308,A2,2014,130
11238,A1,2014,130
11232,A2,2014,131
10029,A2,2014,388
11203,A2,2014,133
10026,A2,2014,134
10305,A2,2014,134
10460,A2,2014,137
10118,A2,2014,139
10457,A2,2014,144
11236,A2,2014,145
10452,A2,2014,146
10035,A2,2014,147
11691,A2,2014,147
11102,A2,2014,148
10453,A2,2014,149
10006,A2,2014,152
11103,A2,2014,152
11225,A2,2014,153
10314,A2,2014,410
11355,A2,2014,156
10301,A2,2014,157
10467,A2,2014,158
10468,A2,2014,160
10028,A2,2014,416
11368,A2,2014,166
10461,A2,2014,166
11204,A2,2014,167
10065,A2,2014,682
11234,A2,2014,171
11372,A2,2014,173
11219,A2,2014,173
11213,A2,2014,174
10458,A2,2014,174
11218,A2,2014,176
11249,A2,2014,182
10456,A2,2014,183
10451,A2,2014,184
10454,A2,2014,186
10463,A2,2014,189
10020,A2,2014,191
11223,A2,2014,191
10002,A2,2014,447
10475,A2,2014,193
10013,A2,2014,964
10004,A2,2014,454
11209,A2,2014,199
11226,A2,2014,200
10033,A2,2014,201
11375,A2,2014,201
11230,A2,2014,203
11214,A2,2014,203
10012,A2,2014,716
10027,A2,2014,461
10017,A2,2014,1229
10309,A2,2014,208
11224,A2,2014,208
11237,A2,2014,210
11432,A2,2014,212
11215,A2,2014,468
11101,A2,2014,471
10128,A2,2014,477
10018,A2,2014,736
10031,A2,2014,225
10003,A2,2014,996
11385,A2,2014,230
11229,A2,2014,231
10023,A2,2014,746
11373,A2,2014,236
10038,A2,2014,496
11233,A2,2014,241
11377,A2,2014,249
11206,A2,2014,255
10080,A2,2014,255
11417,DM,2015,1
10005,DM,2015,1
10278,A2,2015,1
10034,NB,2015,1
7307,A2,2015,1
11422,DM,2015,1
10475,DM,2015,1
10104,A1,2015,1
11426,DM,2015,1
10111,A1,2015,1
10044,NB,2015,1
11439,DM,2015,1
10303,DM,2015,1
10037,A1,2015,1
10030,DM,2015,1
11580,DM,2015,1
7024,NB,2015,1
11419,NB,2015,1
10160,A2,2015,1
11436,DM,2015,1
10069,A1,2015,1
11040,DM,2015,1
10470,DM,2015,1
11040,A1,2015,1
10025,DM,2015,1
11439,NB,2015,1
11359,A2,2015,1
11416,NB,2015,1
10024,DM,2015,1
10004,DM,2015,1
10004,NB,2015,1
11439,A1,2015,1
11239,A1,2015,1
11692,DM,2015,1
10019,A2,2015,1281
11366,DM,2015,2
11366,NB,2015,2
11693,DM,2015,2
11104,DM,2015,2
11691,DM,2015,2
12534,A2,2015,2
11428,DM,2015,2
10080,A1,2015,2
11359,A1,2015,2
11421,DM,2015,2
10466,DM,2015,2
11212,DM,2015,2
11580,NB,2015,2
10039,A1,2015,2
11040,NB,2015,2
10303,A1,2015,2
10039,DM,2015,2
11379,NB,2015,2
10034,DM,2015,2
11001,NB,2015,2
11005,A2,2015,2
10162,A2,2015,2
10470,NB,2015,2
11236,DM,2015,2
10173,A1,2015,2
10803,A2,2015,2
10112,A2,2015,2
10455,DM,2015,2
10471,DM,2015,2
11231,DM,2015,2
10005,A1,2015,2
11411,DM,2015,2
10006,NB,2015,2
10007,DM,2015,2
11367,NB,2015,2
10026,NB,2015,2
11414,DM,2015,2
11367,DM,2015,3
11421,NB,2015,3
11228,DM,2015,3
11370,NB,2015,3
11001,A1,2015,3
10464,NB,2015,3
11372,NB,2015,3
10040,A1,2015,3
10452,DM,2015,3
10470,A1,2015,3
11451,A2,2015,3
11581,NB,2015,3
11363,A1,2015,3
10129,A2,2015,3
10456,DM,2015,3
10469,DM,2015,3
11242,A2,2015,3
11104,NB,2015,3
11415,DM,2015,3
10031,NB,2015,3
11415,NB,2015,3
10454,DM,2015,3
10023,DM,2015,3
10463,DM,2015,3
11424,A2,2015,3
11228,NB,2015,4
11378,NB,2015,4
10033,A1,2015,4
11694,DM,2015,4
10022,DM,2015,4
10016,DM,2015,4
11412,A1,2015,4
11369,DM,2015,4
10009,DM,2015,4
11426,NB,2015,4
11423,DM,2015,4
11224,DM,2015,4
11433,DM,2015,4
10030,NB,2015,4
10021,NB,2015,4
10475,A1,2015,4
11363,DM,2015,4
10013,DM,2015,4
10020,A1,2015,4
10010,DM,2015,4
11427,DM,2015,4
10468,DM,2015,4
11004,DM,2015,4
11375,DM,2015,4
10019,DM,2015,4
11421,A1,2015,4
11697,A1,2015,5
11412,DM,2015,5
10302,DM,2015,5
11692,A1,2015,5
11693,A1,2015,5
11104,A1,2015,5
10128,NB,2015,5
11419,DM,2015,5
11427,NB,2015,5
11426,A1,2015,5
10307,A1,2015,5
10033,NB,2015,5
10176,A2,2015,5
10302,NB,2015,5
10034,A1,2015,5
10471,NB,2015,5
11429,NB,2015,5
10032,NB,2015,5
11208,DM,2015,5
11429,DM,2015,5
11364,DM,2015,5
11379,DM,2015,5
11434,DM,2015,5
11428,A1,2015,5
11415,A1,2015,5
10007,NB,2015,5
10029,DM,2015,5
10455,A1,2015,5
11378,DM,2015,6
10451,DM,2015,6
10012,DM,2015,6
10462,DM,2015,6
11427,A1,2015,6
10474,DM,2015,6
11360,DM,2015,6
10158,A2,2015,6
10038,DM,2015,6
10453,A1,2015,6
11233,DM,2015,6
10466,A1,2015,6
11433,NB,2015,6
10075,NB,2015,6
10451,A1,2015,6
11209,NB,2015,6
10302,A1,2015,6
10472,NB,2015,6
10075,DM,2015,6
11413,DM,2015,6
11436,NB,2015,6
11429,A1,2015,6
11412,NB,2015,6
10453,DM,2015,6
11428,NB,2015,6
10460,A1,2015,6
10006,A1,2015,6
10032,A2,2015,262
10069,NB,2015,7
11423,NB,2015,7
10123,A2,2015,7
10012,NB,2015,7
11356,DM,2015,7
10281,A2,2015,7
10467,DM,2015,7
10463,A1,2015,7
11372,DM,2015,7
10024,NB,2015,7
11040,A2,2015,7
11109,A2,2015,7
10454,A1,2015,7
10128,DM,2015,7
11436,A1,2015,7
11105,DM,2015,7
11362,DM,2015,7
10003,DM,2015,7
10452,A1,2015,7
10036,DM,2015,7
11226,A2,2015,263
10122,A2,2015,8
10459,NB,2015,8
10472,A1,2015,8
10025,NB,2015,8
11209,DM,2015,8
10309,A1,2015,8
10465,DM,2015,8
11417,A1,2015,8
10474,A1,2015,8
11423,A1,2015,8
10310,DM,2015,8
11210,A1,2015,8
11236,NB,2015,8
10027,DM,2015,8
11360,A1,2015,8
10468,A1,2015,8
11024,A2,2015,8
10467,NB,2015,8
10468,NB,2015,8
11366,A1,2015,8
10309,DM,2015,8
10452,NB,2015,8
10075,A2,2015,264
11420,DM,2015,9
11004,A1,2015,9
11364,A1,2015,9
11360,NB,2015,9
11004,NB,2015,9
11378,A1,2015,9
11234,DM,2015,9
10010,NB,2015,9
11208,A1,2015,9
10462,A1,2015,9
10065,NB,2015,9
10458,A1,2015,9
10456,A1,2015,9
11356,NB,2015,9
11224,A1,2015,9
10168,A2,2015,9
10304,DM,2015,9
10461,A1,2015,9
10462,NB,2015,9
10301,DM,2015,9
10001,DM,2015,9
11203,DM,2015,9
10028,NB,2015,9
11377,NB,2015,10
11220,DM,2015,10
10461,DM,2015,10
11374,A1,2015,10
11439,A2,2015,10
10151,A2,2015,10
10115,A2,2015,10
11214,NB,2015,10
11411,A1,2015,10
11214,A1,2015,10
11210,NB,2015,10
11106,DM,2015,10
11356,A1,2015,10
11418,NB,2015,10
10310,A1,2015,10
11418,DM,2015,10
11416,A1,2015,10
10459,A1,2015,10
10009,NB,2015,10
10037,NB,2015,10
10467,A1,2015,10
10003,NB,2015,11
10308,DM,2015,11
11417,NB,2015,11
11232,A1,2015,11
11692,NB,2015,11
11001,A2,2015,11
10460,DM,2015,11
10471,A1,2015,11
10458,DM,2015,11
10305,DM,2015,11
11434,NB,2015,11
10473,A1,2015,11
10279,A2,2015,11
11374,NB,2015,11
10004,A1,2015,11
11358,DM,2015,11
11237,DM,2015,11
10469,A1,2015,11
11362,A1,2015,11
11413,A1,2015,11
11249,DM,2015,11
10007,A1,2015,11
10306,A2,2015,267
10018,A2,2015,779
11370,A1,2015,12
10463,NB,2015,12
11103,A1,2015,12
11369,A1,2015,12
10457,NB,2015,12
10308,NB,2015,12
11228,A1,2015,12
10474,NB,2015,12
11372,A1,2015,12
11694,A1,2015,12
11430,A2,2015,12
10469,NB,2015,12
11241,A2,2015,12
11103,NB,2015,12
11214,DM,2015,12
11106,A1,2015,12
11357,DM,2015,12
10305,A1,2015,12
10019,NB,2015,12
11358,A1,2015,12
11365,NB,2015,13
10457,DM,2015,13
10307,DM,2015,13
11205,DM,2015,13
10167,A2,2015,13
11232,DM,2015,13
10312,DM,2015,13
10028,A1,2015,13
10464,A2,2015,13
10011,DM,2015,13
10466,NB,2015,13
11374,DM,2015,13
11369,NB,2015,13
11213,DM,2015,13
10303,NB,2015,13
11212,NB,2015,13
11201,DM,2015,13
11435,DM,2015,13
11361,DM,2015,13
10023,NB,2015,14
11365,DM,2015,14
10038,A1,2015,14
10457,A1,2015,14
10038,NB,2015,14
10075,A1,2015,14
11697,DM,2015,14
11229,DM,2015,14
10002,DM,2015,14
10029,A1,2015,14
11433,A1,2015,14
10456,NB,2015,14
11418,A1,2015,14
11238,DM,2015,14
10026,A1,2015,14
10173,A2,2015,14
11385,DM,2015,14
10455,NB,2015,14
10018,DM,2015,15
11419,A1,2015,15
11420,NB,2015,15
10465,A1,2015,15
10271,A2,2015,15
11435,A1,2015,15
11422,A1,2015,15
10453,NB,2015,15
11204,DM,2015,15
11225,DM,2015,15
11414,A1,2015,15
11236,A1,2015,15
10308,A1,2015,16
11229,A1,2015,16
11375,NB,2015,16
10461,NB,2015,16
10309,NB,2015,16
11218,NB,2015,16
10174,A2,2015,16
10310,NB,2015,16
10475,NB,2015,16
11218,DM,2015,16
11226,A1,2015,16
11102,A1,2015,17
11210,DM,2015,17
11693,NB,2015,17
10175,A2,2015,17
10032,A1,2015,17
10170,A2,2015,17
11364,NB,2015,17
10177,A2,2015,17
10029,NB,2015,17
10017,DM,2015,17
11208,NB,2015,17
11432,DM,2015,17
11217,DM,2015,17
10301,A1,2015,17
11420,A1,2015,17
10017,A2,2015,1041
11434,A1,2015,18
11361,A1,2015,18
10022,NB,2015,18
10035,A1,2015,18
11362,NB,2015,18
10018,NB,2015,18
10028,DM,2015,18
10035,NB,2015,18
10454,NB,2015,18
10465,NB,2015,18
10458,NB,2015,18
11230,DM,2015,18
10022,A2,2015,1554
11422,NB,2015,19
10120,A2,2015,19
10128,A1,2015,19
10010,A1,2015,19
10035,DM,2015,19
10014,NB,2015,19
10018,A1,2015,19
10044,A2,2015,19
11368,DM,2015,19
10307,NB,2015,20
11691,A1,2015,20
11106,NB,2015,20
10172,A2,2015,20
10017,A1,2015,20
11203,A1,2015,20
11203,NB,2015,20
10169,A2,2015,20
11367,A1,2015,20
11235,DM,2015,20
11207,DM,2015,20
11103,DM,2015,21
11209,A1,2015,21
11413,NB,2015,21
10030,A1,2015,21
10011,NB,2015,21
11691,NB,2015,21
10027,NB,2015,21
10002,NB,2015,21
11375,A1,2015,21
11225,A1,2015,21
10036,NB,2015,21
10460,NB,2015,21
11212,A1,2015,22
11361,NB,2015,22
10069,A2,2015,22
11235,A1,2015,22
10304,A1,2015,22
10023,A1,2015,22
10154,A2,2015,22
10017,NB,2015,22
11232,NB,2015,22
10016,A2,2015,1046
10451,NB,2015,23
10031,A1,2015,23
11373,DM,2015,24
10105,A2,2015,24
10107,A2,2015,24
11385,NB,2015,24
11230,A1,2015,24
10314,DM,2015,24
11223,DM,2015,24
11365,A1,2015,24
11377,A1,2015,24
11363,A2,2015,24
11220,NB,2015,24
10280,A2,2015,24
10009,A1,2015,24
10016,NB,2015,24
11354,A1,2015,25
11414,NB,2015,25
10055,A2,2015,25
10312,A1,2015,26
10001,NB,2015,26
10021,A1,2015,26
11204,NB,2015,26
10003,A1,2015,26
10121,A2,2015,26
11222,DM,2015,26
10012,A1,2015,26
10014,DM,2015,26
11235,NB,2015,26
11206,DM,2015,26
11223,NB,2015,26
11379,A1,2015,26
11231,NB,2015,27
10473,NB,2015,27
11435,NB,2015,27
11377,DM,2015,27
11216,DM,2015,27
11432,NB,2015,28
10470,A2,2015,28
11355,DM,2015,28
11105,NB,2015,28
11373,NB,2015,29
11357,A1,2015,29
11224,NB,2015,30
10306,DM,2015,30
11102,DM,2015,30
11432,A1,2015,31
10013,NB,2015,31
10016,A1,2015,31
10065,A1,2015,31
11235,A2,2015,287
11234,A1,2015,32
11213,A1,2015,32
11354,DM,2015,32
10314,NB,2015,32
11102,NB,2015,32
10024,A1,2015,32
10305,NB,2015,32
11219,DM,2015,33
11368,A1,2015,33
11357,NB,2015,33
11249,NB,2015,33
10104,A2,2015,33
11692,A2,2015,33
11207,A1,2015,33
11217,A2,2015,289
11368,NB,2015,34
11233,A1,2015,34
10027,A1,2015,34
11358,NB,2015,34
11373,A1,2015,35
11223,A1,2015,35
11105,A1,2015,35
10306,A1,2015,35
10155,A2,2015,35
11428,A2,2015,35
11218,A1,2015,35
11230,NB,2015,35
11239,A2,2015,36
11217,NB,2015,36
11205,A1,2015,36
11694,NB,2015,36
10002,A1,2015,36
11234,NB,2015,36
11237,NB,2015,37
11204,A1,2015,37
11215,NB,2015,37
10022,A1,2015,37
11355,A1,2015,37
10025,A1,2015,37
11229,NB,2015,37
10019,A1,2015,38
10001,A1,2015,38
11101,DM,2015,38
11211,DM,2015,38
11385,A1,2015,38
11426,A2,2015,39
11355,NB,2015,39
10301,NB,2015,39
11385,A2,2015,295
11226,DM,2015,41
10036,A1,2015,41
11416,A2,2015,41
11427,A2,2015,41
10106,A2,2015,41
11206,A1,2015,41
11370,A2,2015,42
10314,A1,2015,43
11249,A1,2015,43
11004,A2,2015,44
11360,A2,2015,44
11206,A2,2015,300
10165,A2,2015,45
11201,NB,2015,45
10153,A2,2015,45
10303,A2,2015,45
11221,DM,2015,45
11217,A1,2015,46
11697,NB,2015,49
11225,NB,2015,49
11429,A2,2015,49
11415,A2,2015,49
10312,NB,2015,50
11201,A1,2015,51
11354,NB,2015,51
10111,A2,2015,52
10039,A2,2015,52
11213,NB,2015,52
11354,A2,2015,308
10037,A2,2015,53
11356,A2,2015,53
11366,A2,2015,54
11423,A2,2015,54
10152,A2,2015,54
11436,A2,2015,55
11238,A2,2015,311
11237,A1,2015,56
11231,A1,2015,56
11219,A1,2015,56
11421,A2,2015,57
10014,A1,2015,57
11222,A1,2015,57
11222,A2,2015,313
10312,A2,2015,313
11379,A2,2015,58
11101,A1,2015,58
10282,A2,2015,58
10011,A1,2015,59
10013,A1,2015,59
11238,NB,2015,59
11233,NB,2015,60
11104,A2,2015,60
11364,A2,2015,60
11367,A2,2015,60
11219,NB,2015,60
10009,A2,2015,317
10119,A2,2015,62
11212,A2,2015,318
10304,NB,2015,63
11422,A2,2015,64
11215,DM,2015,64
10302,A2,2015,65
10166,A2,2015,65
11411,A2,2015,67
11238,A1,2015,68
11693,A2,2015,69
11216,NB,2015,70
11226,NB,2015,70
10118,A2,2015,70
10024,A2,2015,583
11433,A2,2015,72
10023,A2,2015,584
11220,A1,2015,74
11694,A2,2015,75
11205,NB,2015,75
11369,A2,2015,76
11221,A1,2015,76
10469,A2,2015,76
11419,A2,2015,78
10306,NB,2015,78
11215,A1,2015,78
11216,A2,2015,334
11211,A1,2015,80
10307,A2,2015,80
11222,NB,2015,81
10310,A2,2015,83
11697,A2,2015,83
11417,A2,2015,84
10472,A2,2015,84
10459,A2,2015,85
11412,A2,2015,85
11216,A1,2015,86
10454,A2,2015,88
11211,NB,2015,88
11207,NB,2015,88
11362,A2,2015,89
10065,A2,2015,602
10012,A2,2015,602
11418,A2,2015,91
10466,A2,2015,92
10474,A2,2015,92
10471,A2,2015,92
10475,A2,2015,95
10473,A2,2015,95
11220,A2,2015,352
10452,A2,2015,98
10040,A2,2015,98
11102,A2,2015,101
11413,A2,2015,101
10460,A2,2015,104
11420,A2,2015,104
11236,A2,2015,105
10003,A2,2015,873
11365,A2,2015,106
10308,A2,2015,108
11435,A2,2015,109
11378,A2,2015,113
11206,NB,2015,114
11358,A2,2015,116
10030,A2,2015,118
10038,A2,2015,375
10034,A2,2015,122
11357,A2,2015,122
11361,A2,2015,123
11434,A2,2015,126
11374,A2,2015,126
10455,A2,2015,126
11210,A2,2015,126
11103,A2,2015,127
10465,A2,2015,127
10468,A2,2015,127
10461,A2,2015,129
10301,A2,2015,132
10304,A2,2015,132
11105,A2,2015,132
11211,A2,2015,388
11106,A2,2015,135
11224,A2,2015,135
10006,A2,2015,135
10014,A2,2015,647
10453,A2,2015,138
10305,A2,2015,138
10314,A2,2015,394
10036,A2,2015,906
11228,A2,2015,139
10004,A2,2015,395
10080,A2,2015,140
10025,A2,2015,652
10462,A2,2015,142
10028,A2,2015,399
11414,A2,2015,144
10456,A2,2015,150
11203,A2,2015,153
11225,A2,2015,155
11691,A2,2015,156
11218,A2,2015,161
11204,A2,2015,163
11249,A2,2015,164
10026,A2,2015,164
10467,A2,2015,167
10035,A2,2015,168
11223,A2,2015,169
10451,A2,2015,171
11221,NB,2015,174
10007,A2,2015,174
11221,A2,2015,431
11215,A2,2015,431
11230,A2,2015,177
10309,A2,2015,177
10033,A2,2015,178
10463,A2,2015,179
10020,A2,2015,179
10457,A2,2015,180
10458,A2,2015,181
11377,A2,2015,181
11208,A2,2015,182
11372,A2,2015,186
11355,A2,2015,188
11213,A2,2015,191
11375,A2,2015,195
10027,A2,2015,452
11214,A2,2015,198
11101,NB,2015,198
11201,A2,2015,713
11368,A2,2015,202
11432,A2,2015,203
10002,A2,2015,467
10013,A2,2015,980
11232,A2,2015,213
11231,A2,2015,214
11209,A2,2015,214
11234,A2,2015,216
10029,A2,2015,216
10031,A2,2015,217
11219,A2,2015,218
11101,A2,2015,480
10128,A2,2015,482
11229,A2,2015,230
10011,A2,2015,999
10005,A2,2015,232
11237,A2,2015,238
11207,A2,2015,238
11205,A2,2015,243
11233,A2,2015,244
10010,A2,2015,760
10001,A2,2015,1017
11373,A2,2015,250
10021,A2,2015,506
11040,NB,2016,1
11430,DM,2016,1
11360,DM,2016,1
11105,DM,2016,1
11424,A2,2016,1
10199,A2,2016,1
11370,DM,2016,1
10280,A1,2016,1
11370,NB,2016,1
11421,DM,2016,1
10037,NB,2016,1
10075,DM,2016,1
10006,NB,2016,1
10464,A1,2016,1
10166,A1,2016,1
10105,A1,2016,1
10039,DM,2016,1
10270,A1,2016,1
11363,DM,2016,1
10453,DM,2016,1
10471,DM,2016,1
10069,A1,2016,1
11436,DM,2016,1
12734,A2,2016,1
11581,A2,2016,1
11439,A1,2016,1
11439,DM,2016,1
11003,A2,2016,1
11001,DM,2016,1
10302,A1,2016,1
14489,A2,2016,1
10029,DM,2016,1
11427,DM,2016,1
11405,A2,2016,1
11366,NB,2016,1
10033,DM,2016,1
7030,A2,2016,1
10455,DM,2016,1
10013,DM,2016,1
10025,NB,2016,1
11415,DM,2016,1
10173,A1,2016,1
11430,A1,2016,1
10470,DM,2016,1
11005,A2,2016,2
12534,A2,2016,2
10176,A2,2016,2
10024,DM,2016,2
10025,DM,2016,2
10454,DM,2016,2
11359,A2,2016,2
11366,DM,2016,2
10032,DM,2016,2
10020,A1,2016,2
11411,NB,2016,2
11228,DM,2016,2
10022,DM,2016,2
11372,DM,2016,2
11231,DM,2016,2
10152,A1,2016,2
10158,A1,2016,2
10104,A1,2016,2
11429,DM,2016,2
11451,A2,2016,2
10459,DM,2016,2
10474,DM,2016,2
10280,NB,2016,2
11424,A1,2016,2
10471,NB,2016,2
10461,DM,2016,2
11423,DM,2016,2
11374,NB,2016,2
11242,A2,2016,2
10005,NB,2016,2
10012,DM,2016,2
10006,DM,2016,2
10303,DM,2016,3
10019,NB,2016,3
10456,DM,2016,3
11428,DM,2016,3
10475,A1,2016,3
11104,NB,2016,3
11369,DM,2016,3
10007,DM,2016,3
11417,DM,2016,3
11367,DM,2016,3
10034,A1,2016,3
10009,DM,2016,3
11363,A1,2016,3
11207,A2,2016,259
11212,A2,2016,259
11372,NB,2016,4
10123,A2,2016,4
11439,A2,2016,4
10004,NB,2016,4
10032,NB,2016,4
11379,DM,2016,4
10023,NB,2016,4
10468,DM,2016,4
10075,NB,2016,4
10004,A1,2016,4
11427,NB,2016,4
10458,DM,2016,4
11040,A1,2016,4
10016,DM,2016,4
10033,NB,2016,4
11419,NB,2016,4
10002,DM,2016,4
10022,NB,2016,4
11236,DM,2016,4
10038,NB,2016,4
11360,NB,2016,5
10024,NB,2016,5
10065,NB,2016,5
11434,DM,2016,5
11378,DM,2016,5
11217,DM,2016,5
11363,NB,2016,5
10470,NB,2016,5
11421,NB,2016,5
11412,DM,2016,5
10472,NB,2016,5
10472,A1,2016,5
10472,DM,2016,5
10039,NB,2016,5
10128,DM,2016,5
10281,A2,2016,5
10310,A1,2016,5
10453,NB,2016,5
11418,DM,2016,5
10462,A1,2016,5
10460,DM,2016,5
10033,A1,2016,5
11422,NB,2016,5
10040,A1,2016,5
11413,DM,2016,5
10307,DM,2016,5
11249,DM,2016,5
10451,DM,2016,5
11418,NB,2016,5
11001,A1,2016,5
11691,DM,2016,5
11222,A2,2016,261
10013,NB,2016,6
10309,A1,2016,6
10467,DM,2016,6
10035,DM,2016,6
11426,NB,2016,6
10307,A1,2016,6
11225,DM,2016,6
10301,DM,2016,6
11426,DM,2016,6
11106,DM,2016,6
11209,NB,2016,6
10310,DM,2016,6
10019,DM,2016,6
10473,DM,2016,6
11419,DM,2016,6
11421,A1,2016,6
11225,NB,2016,6
11418,A1,2016,6
11417,NB,2016,6
11224,DM,2016,6
11234,DM,2016,6
10177,A2,2016,6
10271,A2,2016,6
10470,A1,2016,6
11414,DM,2016,6
10466,DM,2016,6
11362,DM,2016,6
10464,DM,2016,6
10473,NB,2016,7
11103,DM,2016,7
10003,DM,2016,7
10303,A1,2016,7
10270,A2,2016,7
11210,DM,2016,7
11228,NB,2016,7
11236,NB,2016,7
10455,A1,2016,7
11109,A2,2016,7
10167,A2,2016,7
10454,NB,2016,7
11356,DM,2016,7
11379,NB,2016,7
10003,NB,2016,7
10026,NB,2016,7
11429,A1,2016,7
11692,DM,2016,7
10030,DM,2016,7
11364,NB,2016,7
11416,NB,2016,7
11414,NB,2016,7
10037,A1,2016,7
10469,DM,2016,7
10465,DM,2016,8
10005,A1,2016,8
11216,DM,2016,8
10302,NB,2016,8
10459,A1,2016,8
10028,DM,2016,8
11411,A1,2016,8
10308,NB,2016,8
11694,DM,2016,8
11204,DM,2016,8
11420,DM,2016,8
11428,A1,2016,8
10454,A1,2016,8
10302,DM,2016,8
10030,NB,2016,8
10468,A1,2016,8
10030,A1,2016,8
11375,DM,2016,8
11218,DM,2016,9
10014,DM,2016,9
11208,DM,2016,9
10309,DM,2016,9
10011,DM,2016,9
10007,NB,2016,9
11213,NB,2016,9
11104,A1,2016,9
10036,NB,2016,9
10451,A1,2016,9
10168,A2,2016,9
10122,A2,2016,9
10128,NB,2016,9
11241,A2,2016,9
10474,A1,2016,9
10032,A1,2016,9
11415,A1,2016,9
10029,NB,2016,9
10471,A1,2016,9
11433,DM,2016,9
11422,A1,2016,9
10308,DM,2016,9
11693,A1,2016,9
11372,A1,2016,10
11004,NB,2016,10
10452,A1,2016,10
10465,A1,2016,10
10473,A1,2016,10
10468,NB,2016,10
10007,A1,2016,10
11106,NB,2016,10
10112,A2,2016,10
11413,NB,2016,10
11212,DM,2016,10
11364,A1,2016,10
11430,A2,2016,10
11374,DM,2016,10
11209,DM,2016,10
11217,NB,2016,10
11203,NB,2016,10
10017,DM,2016,10
10466,NB,2016,10
11213,DM,2016,10
10460,A1,2016,10
11360,A1,2016,10
10465,NB,2016,11
10016,NB,2016,11
11385,DM,2016,11
10453,A1,2016,11
11229,DM,2016,11
10115,A2,2016,11
10474,NB,2016,11
10463,DM,2016,11
11205,DM,2016,11
11234,NB,2016,11
11419,A1,2016,11
10035,A1,2016,11
11416,A1,2016,11
11238,DM,2016,11
11369,NB,2016,11
11203,DM,2016,11
10027,DM,2016,12
10462,NB,2016,12
11697,A1,2016,12
11412,A1,2016,12
11697,DM,2016,12
11106,A1,2016,12
11693,DM,2016,12
11102,A1,2016,12
11357,DM,2016,12
11367,NB,2016,12
11423,A1,2016,12
11356,A1,2016,12
11214,A1,2016,12
11429,NB,2016,12
11102,DM,2016,12
10462,DM,2016,12
10009,NB,2016,12
11432,DM,2016,12
11208,A1,2016,12
11374,A1,2016,12
11201,DM,2016,12
10035,NB,2016,13
11436,NB,2016,13
11694,A1,2016,13
10310,NB,2016,13
11220,DM,2016,13
10467,A1,2016,13
10303,NB,2016,13
11412,NB,2016,13
10175,A2,2016,13
11362,NB,2016,13
10452,NB,2016,13
11420,NB,2016,13
11358,DM,2016,13
11364,DM,2016,13
11365,DM,2016,13
10170,A2,2016,13
11423,NB,2016,13
10018,DM,2016,13
10467,NB,2016,13
11228,A1,2016,13
11354,DM,2016,13
10002,NB,2016,13
11365,NB,2016,13
10028,NB,2016,13
10279,A2,2016,13
10009,A1,2016,13
10461,NB,2016,14
11218,NB,2016,14
11362,A1,2016,14
11103,NB,2016,14
11105,NB,2016,14
10308,A1,2016,14
11230,DM,2016,14
11370,A1,2016,14
11207,DM,2016,14
11436,A1,2016,14
11004,A1,2016,14
11219,DM,2016,14
10055,A2,2016,14
11361,DM,2016,14
11366,A1,2016,15
10173,A2,2016,15
10456,NB,2016,15
10017,A1,2016,15
11433,NB,2016,15
11417,A1,2016,15
10452,DM,2016,15
10017,NB,2016,15
10172,A2,2016,15
10463,A1,2016,15
10006,A1,2016,15
11379,A1,2016,15
11427,A1,2016,15
10301,NB,2016,16
10075,A1,2016,16
10457,A1,2016,16
10304,DM,2016,16
10456,A1,2016,16
11001,A2,2016,16
10010,NB,2016,16
11378,A1,2016,16
10469,NB,2016,16
10029,A1,2016,16
11694,NB,2016,16
10305,DM,2016,16
11435,DM,2016,17
10018,NB,2016,17
11692,A1,2016,17
11237,DM,2016,17
11233,DM,2016,17
10031,A1,2016,17
11435,A1,2016,17
10012,NB,2016,17
11378,NB,2016,17
10158,A2,2016,17
11375,NB,2016,17
11367,A1,2016,17
11433,A1,2016,17
10151,A2,2016,17
11434,NB,2016,17
10026,A1,2016,18
10463,NB,2016,18
11212,NB,2016,18
11369,A1,2016,18
11356,NB,2016,18
11232,DM,2016,18
10469,A1,2016,18
10464,NB,2016,18
11377,DM,2016,18
10458,NB,2016,18
10021,A1,2016,19
11225,A1,2016,19
10301,A1,2016,19
10010,A1,2016,19
10466,A1,2016,19
10314,DM,2016,19
11414,A1,2016,19
11361,NB,2016,19
11210,NB,2016,19
10461,A1,2016,19
10038,A1,2016,20
10455,NB,2016,20
10305,A1,2016,20
10018,A1,2016,20
10312,DM,2016,20
11212,A1,2016,20
11375,A1,2016,20
10128,A1,2016,20
10104,A2,2016,20
11230,NB,2016,20
11361,A1,2016,20
11373,DM,2016,20
10458,A1,2016,20
10106,A2,2016,20
11209,A1,2016,20
10029,A2,2016,276
11234,A1,2016,21
10464,A2,2016,21
11214,DM,2016,21
11426,A1,2016,21
11223,DM,2016,21
10155,A2,2016,21
11235,DM,2016,21
11385,NB,2016,21
10459,NB,2016,21
10304,A1,2016,22
11226,DM,2016,22
11222,DM,2016,22
11214,NB,2016,22
11355,DM,2016,22
11220,NB,2016,22
10460,NB,2016,22
10174,A2,2016,22
11232,NB,2016,22
11208,NB,2016,23
10028,A1,2016,23
11103,A1,2016,23
10105,A2,2016,24
10107,A2,2016,24
11692,NB,2016,24
11357,A1,2016,24
10166,A2,2016,24
11354,A1,2016,24
10065,A1,2016,25
11102,NB,2016,25
11354,NB,2016,25
11365,A1,2016,25
10457,DM,2016,25
10036,DM,2016,25
10036,A1,2016,25
11105,A1,2016,25
11232,A1,2016,25
11224,A1,2016,26
11358,NB,2016,26
11231,NB,2016,26
11377,NB,2016,26
11203,A1,2016,26
10451,NB,2016,26
10314,A1,2016,26
11204,NB,2016,26
10027,NB,2016,26
11363,A2,2016,26
11233,A1,2016,26
11237,NB,2016,26
10065,A2,2016,538
10312,A1,2016,27
10280,A2,2016,27
11413,A1,2016,27
10044,A2,2016,27
11222,NB,2016,27
11235,A1,2016,27
10120,A2,2016,27
10014,NB,2016,27
11368,A1,2016,27
11101,DM,2016,28
11210,A1,2016,28
10121,A2,2016,28
10306,A1,2016,28
11229,NB,2016,29
11432,NB,2016,29
11040,A2,2016,29
11229,A1,2016,29
11435,NB,2016,29
11211,DM,2016,30
11206,DM,2016,30
11215,DM,2016,30
11249,NB,2016,30
11415,A2,2016,31
11373,A1,2016,31
11434,A1,2016,31
10025,A1,2016,31
10011,NB,2016,31
11377,A1,2016,32
10016,A1,2016,32
10457,NB,2016,32
10154,A2,2016,32
11432,A1,2016,32
11693,NB,2016,32
11237,A1,2016,33
10307,NB,2016,33
11218,A1,2016,33
11420,A1,2016,33
10023,A1,2016,33
11223,NB,2016,33
11226,A1,2016,33
11216,NB,2016,34
10001,A1,2016,35
11358,A1,2016,35
10037,A2,2016,35
10153,A2,2016,35
11691,A1,2016,36
11697,NB,2016,36
11215,NB,2016,36
10470,A2,2016,36
11201,NB,2016,36
10027,A1,2016,36
11207,A1,2016,37
11226,NB,2016,37
11249,A1,2016,38
10022,A1,2016,38
11213,A1,2016,38
11691,NB,2016,38
11238,NB,2016,39
10024,A1,2016,39
11204,A1,2016,39
10039,A2,2016,39
10001,NB,2016,39
11236,A1,2016,40
10309,NB,2016,40
10312,NB,2016,40
11230,A1,2016,40
11226,A2,2016,296
10005,A2,2016,296
11235,NB,2016,41
11357,NB,2016,41
10001,DM,2016,41
11219,NB,2016,41
10017,A2,2016,1065
10019,A1,2016,42
11362,A2,2016,42
11385,A1,2016,43
10003,A1,2016,44
11233,NB,2016,44
10282,A2,2016,44
11355,A1,2016,45
10475,A2,2016,45
11373,NB,2016,46
10014,A1,2016,46
10069,A2,2016,46
10111,A2,2016,46
11205,NB,2016,47
10012,A1,2016,47
10302,A2,2016,47
10014,A2,2016,559
11368,NB,2016,48
11221,DM,2016,49
11360,A2,2016,49
10002,A1,2016,49
11205,A1,2016,50
10169,A2,2016,50
11101,A1,2016,51
10305,NB,2016,51
10306,A2,2016,307
11224,NB,2016,52
10011,A1,2016,52
11223,A1,2016,53
11416,A2,2016,53
10013,A1,2016,54
11436,A2,2016,54
11211,NB,2016,54
11207,NB,2016,55
10314,NB,2016,55
10009,A2,2016,311
10165,A2,2016,56
11201,A1,2016,56
11355,NB,2016,56
11366,A2,2016,58
10304,NB,2016,59
11206,NB,2016,61
11219,A1,2016,61
11101,NB,2016,62
10474,A2,2016,62
11239,A2,2016,62
10004,A2,2016,318
11004,A2,2016,63
11222,A1,2016,63
10306,DM,2016,63
11368,DM,2016,64
11217,A1,2016,66
10152,A2,2016,66
10038,A2,2016,322
11238,A2,2016,323
11428,A2,2016,68
11369,A2,2016,68
11216,A2,2016,324
10310,A2,2016,69
11206,A1,2016,70
11211,A1,2016,71
11379,A2,2016,72
11370,A2,2016,73
11239,NB,2016,73
11364,A2,2016,74
10001,A2,2016,842
10303,A2,2016,75
11421,A2,2016,75
11231,A1,2016,75
10473,A2,2016,76
11427,A2,2016,77
10454,A2,2016,78
11215,A1,2016,79
10307,A2,2016,81
11102,A2,2016,82
11216,A1,2016,82
10030,A2,2016,83
11429,A2,2016,83
11423,A2,2016,83
11426,A2,2016,84
11221,NB,2016,85
11220,A1,2016,86
11694,A2,2016,86
11104,A2,2016,86
10465,A2,2016,87
10308,A2,2016,88
11238,A1,2016,88
11367,A2,2016,89
11106,A2,2016,90
10471,A2,2016,91
10306,NB,2016,94
10034,A2,2016,96
11356,A2,2016,96
10452,A2,2016,97
11411,A2,2016,98
10459,A2,2016,100
10080,A2,2016,100
11385,A2,2016,356
11417,A2,2016,101
11217,A2,2016,358
10460,A2,2016,104
11221,A2,2016,360
10023,A2,2016,616
11361,A2,2016,106
10022,A2,2016,1386
10453,A2,2016,107
11221,A1,2016,107
11692,A2,2016,108
11433,A2,2016,109
11365,A2,2016,109
11418,A2,2016,110
10466,A2,2016,112
11412,A2,2016,112
11211,A2,2016,369
11422,A2,2016,115
11378,A2,2016,115
10304,A2,2016,116
10118,A2,2016,117
11103,A2,2016,120
10040,A2,2016,120
10469,A2,2016,121
11220,A2,2016,377
10468,A2,2016,122
11419,A2,2016,124
10456,A2,2016,126
10119,A2,2016,126
11357,A2,2016,128
11435,A2,2016,128
11358,A2,2016,130
11420,A2,2016,130
11374,A2,2016,131
11105,A2,2016,133
10314,A2,2016,389
10019,A2,2016,1160
11691,A2,2016,137
10309,A2,2016,138
11228,A2,2016,138
10455,A2,2016,138
10457,A2,2016,139
10026,A2,2016,144
10467,A2,2016,146
10003,A2,2016,915
11413,A2,2016,148
10020,A2,2016,148
10028,A2,2016,404
11372,A2,2016,149
10301,A2,2016,149
10461,A2,2016,150
10462,A2,2016,152
11414,A2,2016,152
10011,A2,2016,921
10305,A2,2016,155
11203,A2,2016,158
10025,A2,2016,671
10451,A2,2016,161
11223,A2,2016,166
10033,A2,2016,166
11204,A2,2016,169
10463,A2,2016,169
10036,A2,2016,937
11697,A2,2016,170
11693,A2,2016,170
11219,A2,2016,173
10035,A2,2016,173
11355,A2,2016,173
11434,A2,2016,174
11210,A2,2016,176
10128,A2,2016,432
11236,A2,2016,177
11218,A2,2016,178
11213,A2,2016,180
11224,A2,2016,182
10472,A2,2016,183
11375,A2,2016,184
10006,A2,2016,186
11377,A2,2016,186
10013,A2,2016,954
11249,A2,2016,187
11208,A2,2016,187
11432,A2,2016,189
11230,A2,2016,189
11209,A2,2016,190
11229,A2,2016,192
11101,A2,2016,448
10458,A2,2016,193
10007,A2,2016,193
11214,A2,2016,194
11225,A2,2016,195
10010,A2,2016,710
10016,A2,2016,969
11233,A2,2016,204
10012,A2,2016,716
10027,A2,2016,461
11234,A2,2016,213
11354,A2,2016,219
11232,A2,2016,221
10312,A2,2016,222
10075,A2,2016,231
11201,A2,2016,744
11205,A2,2016,234
11368,A2,2016,234
11373,A2,2016,235
11237,A2,2016,237
10018,A2,2016,752
11231,A2,2016,241
10002,A2,2016,498
10021,A2,2016,502
10032,A2,2016,249
11206,A2,2016,251
10031,A2,2016,251
10024,A2,2016,508
11235,A2,2016,253
11215,A2,2016,509
10119,A1,2017,1
10032,DM,2017,1
10177,A1,2017,1
14225,A2,2017,1
10004,DM,2017,1
10017,DM,2017,1
11415,DM,2017,1
10007,DM,2017,1
12534,A2,2017,1
10024,DM,2017,1
11379,DM,2017,1
11213,DM,2017,1
10472,NB,2017,1
10065,NB,2017,1
10025,DM,2017,1
11433,DM,2017,1
10026,DM,2017,1
10307,DM,2017,1
10010,NB,2017,1
11415,NB,2017,1
10464,DM,2017,1
11242,A2,2017,1
10281,A2,2017,1
10009,NB,2017,1
11370,NB,2017,1
10075,NB,2017,1
10455,DM,2017,1
10040,A1,2017,1
10039,A1,2017,1
10010,DM,2017,1
10107,A1,2017,1
10044,NB,2017,1
11411,DM,2017,1
10035,DM,2017,1
11421,NB,2017,1
11359,A2,2017,1
11416,DM,2017,1
11003,A1,2017,1
11366,DM,2017,1
10466,DM,2017,1
11040,NB,2017,1
10009,DM,2017,1
10035,NB,2017,1
11451,A2,2017,1
11236,DM,2017,1
11372,DM,2017,1
10110,A2,2017,1
10472,DM,2017,1
10474,DM,2017,2
11428,NB,2017,2
11416,NB,2017,2
10038,DM,2017,2
10473,DM,2017,2
10029,DM,2017,2
11241,A2,2017,2
11370,DM,2017,2
11220,DM,2017,2
10034,DM,2017,2
10303,A1,2017,2
11415,A1,2017,2
10475,A1,2017,2
10023,DM,2017,2
11360,DM,2017,2
11417,DM,2017,2
11418,DM,2017,2
10021,DM,2017,2
10475,DM,2017,2
10470,DM,2017,2
10282,A1,2017,2
10014,DM,2017,2
12734,A2,2017,2
11412,DM,2017,2
11109,A2,2017,2
11366,NB,2017,2
10037,DM,2017,2
10030,DM,2017,2
10270,A2,2017,2
11367,NB,2017,2
11426,NB,2017,2
10108,A2,2017,2
10307,A1,2017,2
11363,DM,2017,2
11001,DM,2017,2
10279,A2,2017,2
10039,NB,2017,2
11363,A1,2017,2
11426,DM,2017,2
10003,DM,2017,2
10452,DM,2017,2
10464,A1,2017,2
10471,NB,2017,2
10471,A1,2017,3
11216,DM,2017,3
11217,DM,2017,3
11209,DM,2017,3
11436,DM,2017,3
10037,NB,2017,3
11429,DM,2017,3
10033,NB,2017,3
11243,A2,2017,3
10027,DM,2017,3
11001,A1,2017,3
11374,DM,2017,3
11104,NB,2017,3
11104,A1,2017,3
10455,A1,2017,3
10017,A1,2017,3
11363,NB,2017,3
10310,DM,2017,3
10453,A1,2017,3
11228,DM,2017,3
11421,DM,2017,3
11361,DM,2017,3
11004,NB,2017,3
11212,DM,2017,3
11374,NB,2017,4
10462,DM,2017,4
11694,DM,2017,4
11430,A2,2017,4
10465,DM,2017,4
11208,DM,2017,4
11203,DM,2017,4
11040,A1,2017,4
11385,DM,2017,4
10463,DM,2017,4
11364,DM,2017,4
11360,NB,2017,4
10003,NB,2017,4
10017,NB,2017,4
10310,NB,2017,4
10308,NB,2017,4
11003,A2,2017,4
11362,DM,2017,4
10468,A1,2017,4
11004,DM,2017,4
10453,NB,2017,4
10469,DM,2017,4
11370,A1,2017,4
10175,A2,2017,5
11354,DM,2017,5
10016,DM,2017,5
10031,NB,2017,5
11694,NB,2017,5
10032,A1,2017,5
10474,NB,2017,5
11362,NB,2017,5
11411,A1,2017,5
10302,A1,2017,5
10012,NB,2017,5
11413,NB,2017,5
11414,DM,2017,5
10065,A1,2017,5
11691,DM,2017,5
10173,A2,2017,5
10075,DM,2017,5
10301,DM,2017,5
10473,NB,2017,5
10002,DM,2017,5
10468,NB,2017,5
10454,DM,2017,5
11697,DM,2017,5
11369,DM,2017,5
10475,NB,2017,5
10028,DM,2017,5
10452,A1,2017,5
11211,A2,2017,261
11105,DM,2017,6
11228,NB,2017,6
11232,DM,2017,6
11372,NB,2017,6
10472,A1,2017,6
11423,DM,2017,6
10033,A1,2017,6
10107,A2,2017,6
11693,A1,2017,6
10466,NB,2017,6
11436,NB,2017,6
11228,A1,2017,6
11375,DM,2017,6
11412,NB,2017,6
11413,DM,2017,6
10308,DM,2017,6
10104,A2,2017,6
10470,A1,2017,6
10458,DM,2017,6
10464,NB,2017,6
11416,A1,2017,6
10461,DM,2017,6
10452,NB,2017,6
11365,DM,2017,6
10037,A1,2017,6
10004,A1,2017,6
10024,NB,2017,6
11209,NB,2017,6
11417,A1,2017,6
10303,DM,2017,6
10304,DM,2017,6
11224,DM,2017,6
11106,DM,2017,6
10460,DM,2017,6
11106,NB,2017,6
11373,DM,2017,6
10036,DM,2017,7
11237,DM,2017,7
11693,DM,2017,7
11231,DM,2017,7
11419,DM,2017,7
10302,DM,2017,7
11434,DM,2017,7
10018,DM,2017,7
10301,NB,2017,7
11429,A1,2017,7
10121,A2,2017,7
10001,DM,2017,7
10016,NB,2017,7
11697,A1,2017,7
11427,A1,2017,7
10468,DM,2017,7
10309,A1,2017,7
11420,DM,2017,7
11356,DM,2017,7
10005,A1,2017,7
10451,DM,2017,7
11692,DM,2017,7
11379,NB,2017,7
10314,A2,2017,263
11429,NB,2017,8
11360,A1,2017,8
11204,DM,2017,8
10029,A1,2017,8
11356,NB,2017,8
11203,NB,2017,8
11692,A1,2017,8
10454,NB,2017,8
10168,A2,2017,8
11102,DM,2017,8
10459,DM,2017,8
11377,DM,2017,8
10038,A1,2017,8
11421,A1,2017,8
10461,NB,2017,8
11004,A1,2017,8
11206,DM,2017,8
10456,DM,2017,8
10302,NB,2017,8
11428,A1,2017,8
11233,DM,2017,8
11694,A1,2017,8
10462,A1,2017,8
10451,A1,2017,8
11201,DM,2017,8
10463,NB,2017,9
10467,NB,2017,9
10128,NB,2017,9
11436,A1,2017,9
11364,NB,2017,9
11418,A1,2017,9
10459,A1,2017,9
10025,NB,2017,9
11422,NB,2017,9
10469,NB,2017,9
10467,A1,2017,9
10470,NB,2017,9
10011,NB,2017,9
10172,A2,2017,9
10474,A1,2017,9
11102,A1,2017,9
11236,NB,2017,9
10019,NB,2017,9
10462,NB,2017,9
10075,A1,2017,9
10018,NB,2017,9
11433,A1,2017,9
11236,A1,2017,10
10467,DM,2017,10
10018,A1,2017,10
10026,NB,2017,10
10034,A1,2017,10
10458,NB,2017,10
11420,NB,2017,10
10177,A2,2017,10
11439,A2,2017,10
11214,DM,2017,10
11435,DM,2017,10
11218,A1,2017,10
10463,A1,2017,10
11234,DM,2017,10
11365,NB,2017,10
11378,DM,2017,10
11357,DM,2017,10
10301,A1,2017,10
10009,A1,2017,10
11238,DM,2017,10
11215,DM,2017,10
10460,A1,2017,10
10028,NB,2017,10
11385,NB,2017,11
10022,NB,2017,11
11432,DM,2017,11
11358,DM,2017,11
11419,A1,2017,11
11226,DM,2017,11
10027,NB,2017,11
10305,A1,2017,11
10308,A1,2017,11
10029,NB,2017,11
10465,A1,2017,11
11232,NB,2017,11
10169,A2,2017,11
11691,A1,2017,11
10454,A1,2017,11
11205,DM,2017,12
11419,NB,2017,12
11249,DM,2017,12
10167,A2,2017,12
11369,NB,2017,12
10305,DM,2017,12
10010,A1,2017,12
11219,DM,2017,12
11434,NB,2017,12
10122,A2,2017,12
10457,A1,2017,12
10456,A1,2017,12
10312,DM,2017,12
11356,A1,2017,12
10457,NB,2017,12
10469,A1,2017,12
11435,A1,2017,12
10176,A2,2017,12
11215,NB,2017,12
10304,A1,2017,12
11221,A2,2017,268
11414,A1,2017,13
11218,DM,2017,13
11426,A1,2017,13
11231,NB,2017,13
11366,A1,2017,13
10271,A2,2017,13
11418,NB,2017,13
10035,A1,2017,13
10105,A2,2017,13
11237,NB,2017,13
10007,A1,2017,13
11362,A1,2017,13
11213,NB,2017,13
11374,A1,2017,13
11377,NB,2017,13
10155,A2,2017,13
11204,NB,2017,13
10461,A1,2017,13
10305,NB,2017,14
11001,A2,2017,14
10174,A2,2017,14
10282,A2,2017,14
10026,A1,2017,14
11417,NB,2017,14
10456,NB,2017,14
10011,DM,2017,14
11222,DM,2017,14
11212,A1,2017,14
10112,A2,2017,14
10069,A2,2017,14
10314,A1,2017,14
10310,A1,2017,14
11378,A1,2017,14
11209,A1,2017,14
10158,A2,2017,14
10031,A1,2017,14
11211,DM,2017,14
10303,NB,2017,15
11422,A1,2017,15
10455,NB,2017,15
10464,A2,2017,15
10312,A1,2017,15
11368,DM,2017,15
10466,A1,2017,15
11412,A1,2017,15
11101,DM,2017,15
10309,DM,2017,15
11208,A1,2017,15
11361,NB,2017,15
10473,A1,2017,15
10013,NB,2017,15
10022,A1,2017,15
11225,DM,2017,16
11423,A1,2017,16
11103,A1,2017,16
10458,A1,2017,16
10166,A2,2017,16
11103,NB,2017,16
10044,A2,2017,16
10028,A1,2017,16
11369,A1,2017,16
10459,NB,2017,16
11235,A1,2017,16
10014,NB,2017,16
11106,A1,2017,16
10457,DM,2017,16
11239,NB,2017,17
11218,NB,2017,17
10030,A1,2017,17
11216,NB,2017,17
10304,NB,2017,17
10019,A1,2017,17
11379,A1,2017,17
11432,NB,2017,17
11210,A1,2017,17
11373,NB,2017,17
10451,NB,2017,17
10021,A1,2017,18
11358,NB,2017,18
10001,NB,2017,18
11375,NB,2017,18
10055,A2,2017,18
11212,NB,2017,18
11414,NB,2017,18
11691,NB,2017,18
11363,A2,2017,18
10115,A2,2017,18
10152,A2,2017,18
10465,NB,2017,18
11210,DM,2017,18
11435,NB,2017,19
11367,A1,2017,19
10036,NB,2017,19
11433,NB,2017,19
11102,NB,2017,19
11355,DM,2017,19
11229,A1,2017,19
11220,NB,2017,19
11354,NB,2017,19
11224,NB,2017,19
11221,DM,2017,20
11377,A1,2017,20
11203,A1,2017,20
10025,A1,2017,20
11223,DM,2017,20
10024,A1,2017,20
11105,A1,2017,20
10002,A1,2017,20
11423,NB,2017,20
11232,A1,2017,20
11249,NB,2017,20
11201,NB,2017,20
11365,A1,2017,20
11364,A1,2017,21
10314,DM,2017,21
11372,A1,2017,21
11234,NB,2017,21
11234,A1,2017,21
11355,A1,2017,22
11225,A1,2017,22
11358,A1,2017,22
10460,NB,2017,22
11413,A1,2017,22
10151,A2,2017,22
11207,DM,2017,22
10280,A2,2017,22
11415,A2,2017,23
10002,NB,2017,23
11214,A1,2017,23
11205,A1,2017,23
11378,NB,2017,23
11373,A1,2017,23
11249,A1,2017,23
11368,A1,2017,24
11229,NB,2017,24
10307,NB,2017,24
11354,A1,2017,24
11230,NB,2017,24
10306,A1,2017,24
11361,A1,2017,24
11223,NB,2017,24
11238,A2,2017,280
10017,A2,2017,792
11224,A1,2017,25
10170,A2,2017,25
11697,NB,2017,25
11101,A1,2017,25
11217,NB,2017,26
11213,A1,2017,26
11230,DM,2017,26
11105,NB,2017,26
11375,A1,2017,26
11040,A2,2017,26
10023,A1,2017,26
10314,NB,2017,26
10012,A1,2017,26
11214,NB,2017,26
10154,A2,2017,26
11434,A1,2017,26
11355,NB,2017,26
11237,A1,2017,27
10128,A1,2017,27
11238,NB,2017,27
11226,A1,2017,27
11357,A1,2017,28
11385,A1,2017,28
10016,A1,2017,28
10039,A2,2017,28
10165,A2,2017,28
11219,NB,2017,28
10014,A1,2017,28
11229,DM,2017,28
10106,A2,2017,29
11697,A2,2017,29
11368,NB,2017,29
11230,A1,2017,30
11226,NB,2017,30
11360,A2,2017,30
11692,NB,2017,30
11223,A1,2017,31
11432,A1,2017,31
10036,A1,2017,31
11210,NB,2017,31
10013,A1,2017,32
11207,A1,2017,32
11420,A1,2017,32
10001,A1,2017,33
10312,NB,2017,33
11235,DM,2017,33
11205,NB,2017,34
10309,NB,2017,34
11225,NB,2017,34
11235,NB,2017,35
10470,A2,2017,35
11357,NB,2017,35
10003,A1,2017,35
10128,A2,2017,291
11208,NB,2017,36
11238,A1,2017,36
11222,NB,2017,37
11233,A1,2017,37
10153,A2,2017,38
11204,A1,2017,38
11429,A2,2017,40
10027,A1,2017,41
10011,A1,2017,42
10037,A2,2017,42
11426,A2,2017,42
11239,A2,2017,42
11366,A2,2017,43
11233,NB,2017,43
11101,NB,2017,44
11222,A1,2017,44
11692,A2,2017,44
11207,NB,2017,45
11370,A2,2017,45
11206,A1,2017,47
11211,NB,2017,47
11416,A2,2017,47
11217,A1,2017,48
10307,A2,2017,48
11004,A2,2017,49
10030,A2,2017,49
10310,A2,2017,50
10111,A2,2017,50
11362,A2,2017,51
11211,A1,2017,52
10306,DM,2017,52
11411,A2,2017,52
11427,A2,2017,53
11206,NB,2017,54
11231,A1,2017,54
11436,A2,2017,56
10027,A2,2017,312
10474,A2,2017,57
10306,NB,2017,57
11104,A2,2017,57
11216,A1,2017,58
10475,A2,2017,58
11221,A1,2017,59
11215,A1,2017,59
11423,A2,2017,60
11379,A2,2017,60
11219,A1,2017,61
11693,A2,2017,62
10303,A2,2017,62
10118,A2,2017,62
11422,A2,2017,63
11694,A2,2017,63
11421,A2,2017,63
11364,A2,2017,63
11428,A2,2017,64
11201,A1,2017,65
10028,A2,2017,321
11201,A2,2017,577
10308,A2,2017,66
10471,A2,2017,67
11412,A2,2017,67
11417,A2,2017,68
11356,A2,2017,70
11102,A2,2017,72
10472,A2,2017,73
10080,A2,2017,73
10034,A2,2017,75
10459,A2,2017,75
11220,A1,2017,75
10460,A2,2017,76
11365,A2,2017,77
10453,A2,2017,77
11357,A2,2017,77
10002,A2,2017,334
11103,A2,2017,79
10465,A2,2017,80
10468,A2,2017,80
10040,A2,2017,80
10469,A2,2017,86
10466,A2,2017,86
11418,A2,2017,87
10454,A2,2017,87
10305,A2,2017,89
11419,A2,2017,89
11378,A2,2017,89
11221,NB,2017,89
10455,A2,2017,90
11433,A2,2017,90
11369,A2,2017,90
10119,A2,2017,92
10019,A2,2017,860
10463,A2,2017,93
10473,A2,2017,93
11106,A2,2017,94
10302,A2,2017,95
11101,A2,2017,351
11414,A2,2017,96
11693,NB,2017,98
10467,A2,2017,98
10021,A2,2017,354
10022,A2,2017,1122
10452,A2,2017,100
10461,A2,2017,100
11228,A2,2017,102
10304,A2,2017,103
11215,A2,2017,359
10035,A2,2017,104
11374,A2,2017,104
11105,A2,2017,104
10457,A2,2017,105
11358,A2,2017,107
10309,A2,2017,107
10026,A2,2017,108
11372,A2,2017,108
10301,A2,2017,108
10456,A2,2017,109
11361,A2,2017,115
11691,A2,2017,117
11413,A2,2017,119
11367,A2,2017,119
11434,A2,2017,120
11203,A2,2017,121
10018,A2,2017,635
10451,A2,2017,124
10020,A2,2017,126
10007,A2,2017,129
10312,A2,2017,129
11210,A2,2017,131
10462,A2,2017,131
10458,A2,2017,135
11224,A2,2017,137
11420,A2,2017,138
10065,A2,2017,394
11435,A2,2017,141
11213,A2,2017,142
11209,A2,2017,142
11214,A2,2017,144
11230,A2,2017,144
11232,A2,2017,145
11229,A2,2017,145
10006,A2,2017,147
10016,A2,2017,661
11375,A2,2017,150
11223,A2,2017,150
11249,A2,2017,153
10033,A2,2017,154
11212,A2,2017,159
10031,A2,2017,160
11218,A2,2017,160
11219,A2,2017,161
10024,A2,2017,417
10075,A2,2017,162
11373,A2,2017,162
11237,A2,2017,163
11225,A2,2017,164
11377,A2,2017,165
11204,A2,2017,166
11208,A2,2017,166
11432,A2,2017,169
10013,A2,2017,681
11355,A2,2017,171
11368,A2,2017,172
11205,A2,2017,172
11236,A2,2017,180
11231,A2,2017,185
10306,A2,2017,186
10010,A2,2017,442
10011,A2,2017,699
10009,A2,2017,192
11233,A2,2017,192
10012,A2,2017,448
11226,A2,2017,195
10003,A2,2017,711
10029,A2,2017,200
11354,A2,2017,202
10025,A2,2017,458
10005,A2,2017,204
10036,A2,2017,717
11222,A2,2017,206
11235,A2,2017,210
11217,A2,2017,210
11216,A2,2017,212
11234,A2,2017,213
10014,A2,2017,469
10032,A2,2017,220
11206,A2,2017,221
10023,A2,2017,481
10038,A2,2017,227
10001,A2,2017,747
11207,A2,2017,241
11385,A2,2017,241
11220,A2,2017,251
10004,A2,2017,251
