Year,ZIP Code,Zillow_value
1996,10001,
1997,10001,
1998,10001,
1999,10001,
2000,10001,
2001,10001,
2002,10001,
2003,10001,
2004,10001,0.42285867237687363
2005,10001,0.5044164882226981
2006,10001,0.594619914346895
2007,10001,0.6153640256959315
2008,10001,0.6552462526766596
2009,10001,0.598456459671663
2010,10001,0.5693254817987152
2011,10001,0.5918986438258387
2012,10001,0.6328515346181299
2013,10001,0.7219842969307638
2014,10001,0.8221805852962168
2015,10001,0.798497858842781
2016,10001,0.8503426833882006
2017,10001,0.8901219267814742
1996,10002,
1997,10002,
1998,10002,
1999,10002,
2000,10002,
2001,10002,
2002,10002,
2003,10002,
2004,10002,
2005,10002,0.401017130620985
2006,10002,0.4706905781584583
2007,10002,0.5153907922912205
2008,10002,0.5438972162740899
2009,10002,0.5037919343326196
2010,10002,0.49710028551034974
2011,10002,0.5014721627408993
2012,10002,0.5285064239828695
2013,10002,0.5576820128479657
2014,10002,0.6026052819414703
2015,10002,0.656210724031386
2016,10002,0.7138099471524719
2017,10002,0.7601297960541866
1996,10003,
1997,10003,
1998,10003,
1999,10003,
2000,10003,
2001,10003,
2002,10003,
2003,10003,
2004,10003,
2005,10003,
2006,10003,
2007,10003,
2008,10003,
2009,10003,
2010,10003,0.41073073792617415
2011,10003,0.4200548490642693
2012,10003,0.446998663754639
2013,10003,0.49990356596080016
2014,10003,0.6318924255718353
2015,10003,0.7134259580201556
2016,10003,0.7108445000045509
2017,10003,0.8027574813799171
1996,10004,
1997,10004,
1998,10004,
1999,10004,
2000,10004,
2001,10004,
2002,10004,
2003,10004,
2004,10004,
2005,10004,0.31973659737295257
2006,10004,0.41224206000577585
2007,10004,0.44443542816003756
2008,10004,0.47617584501231525
2009,10004,0.4846163642748305
2010,10004,0.4536324987326672
2011,10004,0.44398279489783543
2012,10004,0.43585118378714904
2013,10004,0.4831550704467474
2014,10004,0.5474951029604855
2015,10004,0.5784589660819507
2016,10004,0.6182812656058089
2017,10004,0.6101431368185732
1996,10005,
1997,10005,
1998,10005,
1999,10005,
2000,10005,
2001,10005,
2002,10005,
2003,10005,
2004,10005,0.4540952890792292
2005,10005,0.37041340057307587
2006,10005,0.38272719577210784
2007,10005,0.40593531874541283
2008,10005,0.44288124449767613
2009,10005,0.4412133522709272
2010,10005,0.4193339769675261
2011,10005,0.4151704813904473
2012,10005,0.4203095164378525
2013,10005,0.4308633292332626
2014,10005,0.475484536458934
2015,10005,0.5166058828385102
2016,10005,0.5725119596999151
2017,10005,0.5701074772708197
1996,10006,
1997,10006,
1998,10006,
1999,10006,
2000,10006,
2001,10006,
2002,10006,
2003,10006,
2004,10006,0.21505981987417164
2005,10006,0.3160044621196744
2006,10006,0.35879734534917357
2007,10006,0.3911698264070114
2008,10006,0.4267439556221591
2009,10006,0.402017555666129
2010,10006,0.3229946094578994
2011,10006,0.334115448851398
2012,10006,0.3704873675766817
2013,10006,0.40329684783953407
2014,10006,0.4862296076043516
2015,10006,0.600207041752863
2016,10006,0.622325498809169
2017,10006,0.6238704558373688
1996,10007,
1997,10007,
1998,10007,
1999,10007,
2000,10007,
2001,10007,
2002,10007,
2003,10007,
2004,10007,0.43932152923840934
2005,10007,0.469095614677028
2006,10007,0.5417919911164485
2007,10007,0.6022910196982635
2008,10007,0.6402297791960425
2009,10007,0.581490681471684
2010,10007,0.5771090809522749
2011,10007,0.6200316760144323
2012,10007,0.6561152103427043
2013,10007,0.7354912170231073
2014,10007,0.8403653870008686
2015,10007,0.9131561841246233
2016,10007,0.9393314715517661
2017,10007,0.9250214528327855
1996,10009,
1997,10009,
1998,10009,
1999,10009,
2000,10009,
2001,10009,
2002,10009,
2003,10009,
2004,10009,
2005,10009,0.44491434689507486
2006,10009,0.5077177016416846
2007,10009,0.5605817273376159
2008,10009,0.5975196288365453
2009,10009,0.5422019985724482
2010,10009,0.49344218415417557
2011,10009,0.5068700927908637
2012,10009,0.5274357601713061
2013,10009,0.5615631691648821
2014,10009,0.5982334047109208
2015,10009,0.6602426837972876
2016,10009,0.7281758771792916
2017,10009,0.7345336121333728
1996,10010,
1997,10010,
1998,10010,
1999,10010,
2000,10010,
2001,10010,
2002,10010,
2003,10010,
2004,10010,
2005,10010,
2006,10010,
2007,10010,
2008,10010,
2009,10010,
2010,10010,
2011,10010,0.45358857828845917
2012,10010,0.4876561943376389
2013,10010,0.5581348523049633
2014,10010,0.6513861113389918
2015,10010,0.7702396621560025
2016,10010,0.8115612987820633
2017,10010,0.8542918533271373
1996,10011,
1997,10011,
1998,10011,
1999,10011,
2000,10011,
2001,10011,
2002,10011,
2003,10011,
2004,10011,
2005,10011,
2006,10011,
2007,10011,
2008,10011,
2009,10011,
2010,10011,
2011,10011,
2012,10011,
2013,10011,
2014,10011,0.890441841017686
2015,10011,0.961653348554711
2016,10011,0.887492220873976
2017,10011,0.8045966048681192
1996,10012,
1997,10012,
1998,10012,
1999,10012,
2000,10012,
2001,10012,
2002,10012,
2003,10012,
2004,10012,
2005,10012,
2006,10012,
2007,10012,
2008,10012,
2009,10012,
2010,10012,0.42461016723742395
2011,10012,0.4478837650031586
2012,10012,0.4888785450676596
2013,10012,0.5529973069122586
2014,10012,0.618551273952411
2015,10012,0.7632924871219521
2016,10012,0.8500745210558853
2017,10012,0.8573482395648913
1996,10013,
1997,10013,
1998,10013,
1999,10013,
2000,10013,
2001,10013,
2002,10013,
2003,10013,
2004,10013,0.5201732220633707
2005,10013,0.4945639525218606
2006,10013,0.5764094379980274
2007,10013,0.6218733029668295
2008,10013,0.688266781926389
2009,10013,0.6595432833505115
2010,10013,0.6386580000221653
2011,10013,0.687427270006982
2012,10013,0.7213263734193348
2013,10013,0.8354528931298556
2014,10013,0.9239571978080637
2015,10013,0.936683756103485
2016,10013,0.9622245880635388
2017,10013,0.9394551359350264
1996,10014,
1997,10014,
1998,10014,
1999,10014,
2000,10014,
2001,10014,
2002,10014,
2003,10014,
2004,10014,0.5612955032119915
2005,10014,0.6035421127765881
2006,10014,0.6906673804425411
2007,10014,0.6962883654532477
2008,10014,0.7638294075660242
2009,10014,0.6811206281227694
2010,10014,0.5956459671663098
2011,10014,0.4838403025441931
2012,10014,0.4786816843549095
2013,10014,0.6145066677547049
2014,10014,0.7023862889933961
2015,10014,0.758384069258935
2016,10014,0.8311694784465479
2017,10014,0.846198365012094
1996,10016,
1997,10016,
1998,10016,
1999,10016,
2000,10016,0.19004554975562724
2001,10016,0.1840027263357383
2002,10016,0.16218372843036208
2003,10016,
2004,10016,0.20879464928904698
2005,10016,0.203372455142911
2006,10016,0.2276130154824838
2007,10016,0.23385809754962264
2008,10016,0.24473573383870292
2009,10016,0.2230663519189636
2010,10016,0.29462563434509187
2011,10016,0.28466106169660393
2012,10016,0.3123206092859396
2013,10016,0.34012473024774564
2014,10016,0.3930871513482121
2015,10016,0.43860706820905354
2016,10016,0.4584927025525262
2017,10016,0.46529898916794066
1996,10017,
1997,10017,
1998,10017,
1999,10017,
2000,10017,
2001,10017,
2002,10017,
2003,10017,
2004,10017,
2005,10017,0.1830551584267048
2006,10017,0.2000559674612938
2007,10017,0.21008855049816577
2008,10017,0.22298877325974445
2009,10017,0.20524542562977244
2010,10017,0.2918275447188878
2011,10017,0.2907512421701804
2012,10017,0.29681086591230915
2013,10017,0.3272517688273044
2014,10017,0.3709153584108728
2015,10017,0.3994224430627744
2016,10017,0.404220370645514
2017,10017,0.44056083409106767
1996,10018,
1997,10018,
1998,10018,
1999,10018,
2000,10018,
2001,10018,
2002,10018,
2003,10018,
2004,10018,0.4331905781584583
2005,10018,0.47274268379728773
2006,10018,0.5626338329764454
2007,10018,0.6338775874375447
2008,10018,0.6474393290506781
2009,10018,0.6100107066381156
2010,10018,0.5890881513204853
2011,10018,0.6183083511777302
2012,10018,0.6862955032119914
2013,10018,0.7448251249107781
2014,10018,0.8101356174161314
2015,10018,0.8736082016840694
2016,10018,0.9343905740926687
2017,10018,0.9181332731854402
1996,10019,
1997,10019,
1998,10019,
1999,10019,
2000,10019,
2001,10019,
2002,10019,
2003,10019,
2004,10019,
2005,10019,
2006,10019,
2007,10019,
2008,10019,
2009,10019,
2010,10019,0.4427170250904753
2011,10019,0.4813847442468586
2012,10019,0.535559943194366
2013,10019,0.6003282738668837
2014,10019,0.7018032237020312
2015,10019,0.7213930067475741
2016,10019,0.7149877014411493
2017,10019,0.704586261346099
1996,10021,
1997,10021,
1998,10021,
1999,10021,
2000,10021,
2001,10021,
2002,10021,
2003,10021,
2004,10021,0.4998661670235546
2005,10021,0.5079407566024269
2006,10021,0.5815488936473948
2007,10021,0.6147840827980015
2008,10021,0.6589489650249821
2009,10021,0.5807905067808709
2010,10021,0.47355110891643926
2011,10021,0.48967713290032283
2012,10021,0.5108922932582712
2013,10021,0.5616970421346502
2014,10021,0.6361517376192235
2015,10021,0.6735316090198663
2016,10021,0.6834041519336528
2017,10021,0.681352822021706
1996,10022,
1997,10022,
1998,10022,
1999,10022,
2000,10022,
2001,10022,
2002,10022,
2003,10022,
2004,10022,
2005,10022,
2006,10022,
2007,10022,
2008,10022,
2009,10022,
2010,10022,
2011,10022,
2012,10022,
2013,10022,
2014,10022,
2015,10022,0.7277489456130718
2016,10022,0.7042181705426088
2017,10022,0.7087102454289962
1996,10023,
1997,10023,
1998,10023,
1999,10023,
2000,10023,
2001,10023,
2002,10023,
2003,10023,
2004,10023,0.5602248394004282
2005,10023,0.5678087080656673
2006,10023,0.6456995003568878
2007,10023,0.685001784439686
2008,10023,0.7248394004282656
2009,10023,0.6499375446109922
2010,10023,0.5069596354945851
2011,10023,0.5277596567517865
2012,10023,0.5746289276011799
2013,10023,0.6246339837386549
2014,10023,0.692191913037766
2015,10023,0.7645596790784909
2016,10023,0.8211901570482087
2017,10023,0.813387922627025
1996,10024,
1997,10024,
1998,10024,
1999,10024,
2000,10024,
2001,10024,
2002,10024,
2003,10024,
2004,10024,0.5010706638115632
2005,10024,0.5057102069950036
2006,10024,0.5727159172019985
2007,10024,0.588195931477516
2008,10024,0.6330299785867238
2009,10024,0.5468415417558886
2010,10024,0.46198293468671475
2011,10024,0.49521925900109937
2012,10024,0.5045230778194952
2013,10024,0.5724461917900159
2014,10024,0.6392047780136577
2015,10024,0.7020014410001938
2016,10024,0.7462873048662826
2017,10024,0.7343754515080165
1996,10025,
1997,10025,
1998,10025,
1999,10025,
2000,10025,
2001,10025,
2002,10025,
2003,10025,
2004,10025,0.32085229192965753
2005,10025,0.31801589918139445
2006,10025,0.3603174326093838
2007,10025,0.3543254356407182
2008,10025,0.3646794819836319
2009,10025,0.34111136445602136
2010,10025,0.3554811209428814
2011,10025,0.3585998035189492
2012,10025,0.3820595157715699
2013,10025,0.421412206592459
2014,10025,0.4592655466587579
2015,10025,0.5002109171710243
2016,10025,0.5476464185126676
2017,10025,0.552072694321945
1996,10026,
1997,10026,
1998,10026,0.08493200784652724
1999,10026,0.09408351896798217
2000,10026,0.12415356141459144
2001,10026,0.1321136859837528
2002,10026,0.1322937792997972
2003,10026,
2004,10026,0.2099862983723646
2005,10026,0.23108915391608362
2006,10026,0.28649749087382836
2007,10026,0.2893903536003961
2008,10026,0.3074072288929032
2009,10026,0.26861918153233016
2010,10026,0.2704697879356855
2011,10026,0.2713242025695789
2012,10026,0.27330819549831614
2013,10026,0.29405087553414233
2014,10026,0.3483082896457615
2015,10026,0.3923294883700394
2016,10026,0.43477888537313913
2017,10026,0.45431401708745706
1996,10027,
1997,10027,
1998,10027,
1999,10027,
2000,10027,
2001,10027,
2002,10027,
2003,10027,
2004,10027,
2005,10027,
2006,10027,
2007,10027,
2008,10027,
2009,10027,
2010,10027,
2011,10027,
2012,10027,
2013,10027,0.25085258948246236
2014,10027,0.2763989067561005
2015,10027,0.32985799115494135
2016,10027,0.38493229027492787
2017,10027,0.37893285547588973
1996,10028,
1997,10028,
1998,10028,
1999,10028,
2000,10028,
2001,10028,
2002,10028,
2003,10028,
2004,10028,
2005,10028,
2006,10028,
2007,10028,
2008,10028,
2009,10028,
2010,10028,
2011,10028,
2012,10028,
2013,10028,
2014,10028,
2015,10028,
2016,10028,0.6846944342284104
2017,10028,0.595486303480293
1996,10029,
1997,10029,
1998,10029,
1999,10029,
2000,10029,
2001,10029,
2002,10029,
2003,10029,
2004,10029,
2005,10029,
2006,10029,0.3556983107304306
2007,10029,0.35421127765881516
2008,10029,0.39244289793005
2009,10029,0.3431477516059957
2010,10029,0.3753122769450392
2011,10029,0.38392219842969305
2012,10029,0.3970378301213418
2013,10029,0.3691446960551919
2014,10029,0.4128305031940264
2015,10029,0.4472463407782333
2016,10029,0.46567972067047375
2017,10029,0.523281740860995
1996,10030,
1997,10030,
1998,10030,
1999,10030,
2000,10030,
2001,10030,
2002,10030,
2003,10030,
2004,10030,
2005,10030,
2006,10030,
2007,10030,0.3060314061384725
2008,10030,0.29617237687366166
2009,10030,0.26895967166309775
2010,10030,0.2726623840114204
2011,10030,0.2727069950035689
2012,10030,0.26668451106352603
2013,10030,0.2892130620985011
2014,10030,0.2972876516773733
2015,10030,0.32070842255531756
2016,10030,0.3886955745895788
2017,10030,0.42967077087794436
1996,10031,
1997,10031,
1998,10031,
1999,10031,
2000,10031,
2001,10031,
2002,10031,
2003,10031,
2004,10031,
2005,10031,
2006,10031,0.28104925053533186
2007,10031,0.277703426124197
2008,10031,0.2641416845110635
2009,10031,0.24718950749464666
2010,10031,0.2541042112776588
2011,10031,0.27092255531763026
2012,10031,0.27110099928622416
2013,10031,0.29139900071377584
2014,10031,0.3163811563169165
2015,10031,0.348634903640257
2016,10031,0.4161313347608851
2017,10031,0.45208779443254815
1996,10032,
1997,10032,
1998,10032,0.10559421841541758
1999,10032,0.11746074232690934
2000,10032,0.14743932905067808
2001,10032,0.15511241970021414
2002,10032,0.15096359743040685
2003,10032,
2004,10032,0.1845556745182013
2005,10032,0.19249643112062811
2006,10032,0.22390256959314772
2007,10032,0.24897394718058527
2008,10032,0.25530870806566736
2009,10032,0.23197715917202
2010,10032,0.23857958600999282
2011,10032,0.24817094932191294
2012,10032,0.23840114204139895
2013,10032,0.2552194860813704
2014,10032,0.27868486795146324
2015,10032,0.31495360456816557
2016,10032,0.37366167023554603
2017,10032,0.4067853319057816
1996,10033,
1997,10033,
1998,10033,
1999,10033,
2000,10033,
2001,10033,
2002,10033,
2003,10033,
2004,10033,
2005,10033,
2006,10033,
2007,10033,
2008,10033,
2009,10033,
2010,10033,0.24286224125624553
2011,10033,0.23541220556745182
2012,10033,0.22675767309064954
2013,10033,0.23688436830835116
2014,10033,0.2580299785867238
2015,10033,0.29001605995717344
2016,10033,0.3441738044254104
2017,10033,0.37546841541755893
1996,10034,
1997,10034,
1998,10034,
1999,10034,
2000,10034,
2001,10034,
2002,10034,
2003,10034,
2004,10034,
2005,10034,
2006,10034,
2007,10034,
2008,10034,
2009,10034,
2010,10034,0.2561265762550559
2011,10034,0.23759814418272665
2012,10034,0.22086902212705214
2013,10034,0.24759100642398282
2014,10034,0.2759635974304068
2015,10034,0.2738222698072805
2016,10034,0.34029264810849397
2017,10034,0.3683752676659529
1996,10035,
1997,10035,
1998,10035,
1999,10035,
2000,10035,
2001,10035,
2002,10035,
2003,10035,
2004,10035,
2005,10035,
2006,10035,
2007,10035,0.31733285748275036
2008,10035,0.3535867237687367
2009,10035,0.3117416131334761
2010,10035,0.32989828693790146
2011,10035,0.32084225553176304
2012,10035,0.3252587437544611
2013,10035,0.34341541755888655
2014,10035,0.38566202712348324
2015,10035,0.4206816559600286
2016,10035,0.4840738758029979
2017,10035,0.5269673447537473
1996,10036,
1997,10036,
1998,10036,
1999,10036,
2000,10036,
2001,10036,
2002,10036,
2003,10036,
2004,10036,
2005,10036,
2006,10036,
2007,10036,
2008,10036,
2009,10036,
2010,10036,
2011,10036,
2012,10036,0.5262824563023606
2013,10036,0.5519678529522685
2014,10036,0.610750549781361
2015,10036,0.6462237384293871
2016,10036,0.676519451428637
2017,10036,0.6906349163885397
1996,10038,
1997,10038,
1998,10038,
1999,10038,
2000,10038,
2001,10038,
2002,10038,
2003,10038,
2004,10038,0.31297450213260625
2005,10038,0.33293798608434877
2006,10038,0.3815758377848509
2007,10038,0.38553019501907987
2008,10038,0.4075272141736044
2009,10038,0.37621700038423866
2010,10038,0.36854083945662475
2011,10038,0.3698498295251087
2012,10038,0.3816216679888738
2013,10038,0.4123033513589211
2014,10038,0.4578812104131397
2015,10038,0.4974500999421494
2016,10038,0.5254717284997533
2017,10038,0.5469817744822549
1996,10039,
1997,10039,
1998,10039,
1999,10039,
2000,10039,
2001,10039,
2002,10039,
2003,10039,
2004,10039,0.19414703783012133
2005,10039,0.18085296216987867
2006,10039,0.1939685938615275
2007,10039,0.25223054960742325
2008,10039,0.29059600285510356
2009,10039,0.2723501070663812
2010,10039,0.2638740185581728
2011,10039,0.2676213418986438
2012,10039,0.2653907922912205
2013,10039,0.2884100642398287
2014,10039,0.3012580299785867
2015,10039,0.3290952890792292
2016,10039,0.3997144896502498
2017,10039,0.43141059957173455
1996,10065,
1997,10065,
1998,10065,
1999,10065,
2000,10065,
2001,10065,
2002,10065,
2003,10065,
2004,10065,0.5140970735189151
2005,10065,0.5358226266952176
2006,10065,0.6342790863668809
2007,10065,0.6632762312633833
2008,10065,0.7006156316916489
2009,10065,0.6362419700214131
2010,10065,0.5776677373304783
2011,10065,0.5726170016870512
2012,10065,0.5999344529772298
2013,10065,0.6458555976909088
2014,10065,0.7513539849786196
2015,10065,0.766846319209498
2016,10065,0.8285868964983344
2017,10065,0.8080682493017352
1996,10069,
1997,10069,
1998,10069,
1999,10069,
2000,10069,
2001,10069,
2002,10069,
2003,10069,
2004,10069,0.405434385078299
2005,10069,0.48143784109602866
2006,10069,0.5381080994244205
2007,10069,0.5688334675119014
2008,10069,0.5948291256166037
2009,10069,0.5503910702181317
2010,10069,0.5286060414485513
2011,10069,0.5602564284174744
2012,10069,0.5671040145781158
2013,10069,0.6207094904030832
2014,10069,0.6977926754031897
2015,10069,0.7504201193674539
2016,10069,0.7900795816268021
2017,10069,0.7608264917546176
1996,10075,
1997,10075,
1998,10075,
1999,10075,
2000,10075,
2001,10075,
2002,10075,
2003,10075,
2004,10075,0.5064239828693791
2005,10075,0.5137401855817272
2006,10075,0.5949321912919344
2007,10075,0.623750892219843
2008,10075,0.6565845824411135
2009,10075,0.585028551034975
2010,10075,0.5454586009992862
2011,10075,0.5653997144896502
2012,10075,0.5918986438258387
2013,10075,0.6399000713775873
2014,10075,0.6590368185480109
2015,10075,0.6527008296634443
2016,10075,0.6761197035087445
2017,10075,0.6700334030216558
1996,10128,
1997,10128,
1998,10128,
1999,10128,
2000,10128,
2001,10128,
2002,10128,
2003,10128,
2004,10128,0.3865096359743041
2005,10128,0.4032387580299786
2006,10128,0.3896353310882274
2007,10128,0.39306365624447576
2008,10128,0.4122988393850502
2009,10128,0.3669960453572447
2010,10128,0.3534071597721306
2011,10128,0.36099424454940254
2012,10128,0.36878877640855073
2013,10128,0.39636626156438476
2014,10128,0.429280426302048
2015,10128,0.46431588091835296
2016,10128,0.5269572291683192
2017,10128,0.575132536230165
1996,10280,
1997,10280,
1998,10280,
1999,10280,
2000,10280,
2001,10280,
2002,10280,
2003,10280,
2004,10280,
2005,10280,0.3465444269415851
2006,10280,0.3172450294838062
2007,10280,0.34381045110554576
2008,10280,0.3768296610256374
2009,10280,0.34518183308095945
2010,10280,0.322506184638978
2011,10280,0.3230539950053202
2012,10280,0.3329370357993077
2013,10280,0.3674407130684603
2014,10280,0.3902020409993716
2015,10280,0.4225007792659525
2016,10280,0.46373979662265835
2017,10280,0.47739128892525523
1996,10301,0.056493425143369226
1997,10301,0.056924389842895974
1998,10301,0.061012967917201906
1999,10301,0.06690533139578912
2000,10301,0.07639240314598668
2001,10301,0.08437886239498966
2002,10301,0.0937708155954321
2003,10301,0.10718760522747739
2004,10301,0.12244002661192448
2005,10301,0.14092340692674196
2006,10301,0.1512964563627636
2007,10301,0.15602406758057602
2008,10301,0.14748021862848001
2009,10301,0.14205835672499592
2010,10301,0.1229681371381891
2011,10301,0.11796960172568038
2012,10301,0.11313580606558081
2013,10301,0.11621432995103333
2014,10301,0.12776304831420723
2015,10301,0.13660285294857052
2016,10301,0.14179009308923377
2017,10301,0.15992639637060005
1996,10302,0.04608556315418233
1997,10302,0.04646450122534649
1998,10302,0.05003479188688125
1999,10302,0.05212563790885811
2000,10302,0.06008926363328652
2001,10302,0.06924751601747757
2002,10302,0.08060686410471034
2003,10302,0.09258408711478272
2004,10302,0.10203062896951358
2005,10302,0.1186346401599682
2006,10302,0.1332822152798538
2007,10302,0.13759065715389507
2008,10302,0.1280946311675835
2009,10302,0.12105840296012065
2010,10302,0.11401605644489399
2011,10302,0.10971657844793652
2012,10302,0.10828407865683409
2013,10302,0.11076520077767564
2014,10302,0.11620508832825156
2015,10302,0.12211911506600108
2016,10302,0.12937262551812947
2017,10302,0.14717850299506074
1996,10303,0.041903199703202894
1997,10303,0.04213020746156718
1998,10303,0.0442814311693966
1999,10303,0.04609337209252379
2000,10303,0.052856565810138
2001,10303,0.06060699038658259
2002,10303,0.06884755890169787
2003,10303,0.07844967856947327
2004,10303,0.08912337794094373
2005,10303,0.10132258353927039
2006,10303,0.11571204987379884
2007,10303,0.12023619954797439
2008,10303,0.11615870413927117
2009,10303,0.10894138514619521
2010,10303,0.09618319261093938
2011,10303,0.08989161427405327
2012,10303,0.0863850942718516
2013,10303,0.08905292397351121
2014,10303,0.0923221998555044
2015,10303,0.09282416101567476
2016,10303,0.10249906352942012
2017,10303,0.11641445602195441
1996,10304,0.05295848495167424
1997,10304,0.05204077067646289
1998,10304,0.05533702937858023
1999,10304,0.06057269597374353
2000,10304,0.06858479204469652
2001,10304,0.07600007352055255
2002,10304,0.08626950329628615
2003,10304,0.09711400283051753
2004,10304,0.11071986597117839
2005,10304,0.1281953006911098
2006,10304,0.14127696353805388
2007,10304,0.1454803255156875
2008,10304,0.1390020736272499
2009,10304,0.13480487890384227
2010,10304,0.11938111733952916
2011,10304,0.11446572964843016
2012,10304,0.1110910177514874
2013,10304,0.11619586141262683
2014,10304,0.11808711402583451
2015,10304,0.12628663985038024
2016,10304,0.13860215778656296
2017,10304,0.15628743720496058
1996,10305,0.05381619210035981
1997,10305,0.05365988627049245
1998,10305,0.05591946261317341
1999,10305,0.059513972132483085
2000,10305,0.06813732942098626
2001,10305,0.07741815932017647
2002,10305,0.08890178321632101
2003,10305,0.10083690188639548
2004,10305,0.11574334520341405
2005,10305,0.13449745878274788
2006,10305,0.14731771414943376
2007,10305,0.1473493291142788
2008,10305,0.13953019853729223
2009,10305,0.13724431717929217
2010,10305,0.12301884185089125
2011,10305,0.11773741287547441
2012,10305,0.11537834804340168
2013,10305,0.11676024065064476
2014,10305,0.11979768661415834
2015,10305,0.1286536405454319
2016,10305,0.13898037771420413
2017,10305,0.15495576003201408
1996,10306,0.06035725985119437
1997,10306,0.060385395661959905
1998,10306,0.06388724433720284
1999,10306,0.06826937288511238
2000,10306,0.07983662848629038
2001,10306,0.09085448378189531
2002,10306,0.10020350796861456
2003,10306,0.11393725857380049
2004,10306,0.1285900946967499
2005,10306,0.14596989247939568
2006,10306,0.15936398875173516
2007,10306,0.15889591892586333
2008,10306,0.151903147760624
2009,10306,0.14601735571538169
2010,10306,0.13147912971351766
2011,10306,0.1276322718007383
2012,10306,0.125447799731426
2013,10306,0.12828215811741658
2014,10306,0.13188527832364322
2015,10306,0.13637918260669474
2016,10306,0.14734994597393777
2017,10306,0.1628312058584093
1996,10307,0.062064585622099565
1997,10307,0.06239292590606784
1998,10307,0.06524723068630155
1999,10307,0.07445474545976773
2000,10307,0.08626069886601073
2001,10307,0.09529727331184717
2002,10307,0.10473880186227702
2003,10307,0.11921966755705322
2004,10307,0.13616980662077494
2005,10307,0.15003262459686803
2006,10307,0.16766413252736959
2007,10307,0.16661829717951857
2008,10307,0.15575471594119464
2009,10307,0.15399694317774956
2010,10307,0.13861065371401893
2011,10307,0.13585628730210603
2012,10307,0.13249227931231727
2013,10307,0.1366318368138482
2014,10307,0.14173577786085395
2015,10307,0.1399330325618112
2016,10307,0.14763441922005502
2017,10307,0.16339884658465037
1996,10308,0.05933943646472745
1997,10308,0.06032956183933994
1998,10308,0.06284431982062123
1999,10308,0.06688618442974713
2000,10308,0.0791244107409588
2001,10308,0.09083270631432144
2002,10308,0.10182837996323356
2003,10308,0.1142429967164696
2004,10308,0.12870727104381646
2005,10308,0.14647248810138205
2006,10308,0.16050746561697923
2007,10308,0.15650400247383134
2008,10308,0.14856598094037818
2009,10308,0.1441601778786815
2010,10308,0.13237651505698397
2011,10308,0.12885833385365453
2012,10308,0.12641260972888116
2013,10308,0.1291830696805071
2014,10308,0.13165526882445436
2015,10308,0.136226379527041
2016,10308,0.14601252387508293
2017,10308,0.16179281528329506
1996,10309,0.056748130666383595
1997,10309,0.06026954235259646
1998,10309,0.06430499200873363
1999,10309,0.06875884492234861
2000,10309,0.07886159790394755
2001,10309,0.08916164517495745
2002,10309,0.09842413646634357
2003,10309,0.1102809267063929
2004,10309,0.1235605194051423
2005,10309,0.14170800684856524
2006,10309,0.1527802780026151
2007,10309,0.15079766076610834
2008,10309,0.14493724152856588
2009,10309,0.14227144959747262
2010,10309,0.12424088721414915
2011,10309,0.12291561882145663
2012,10309,0.12005781338048642
2013,10309,0.12287138744196646
2014,10309,0.1269154146448338
2015,10309,0.1297599913177621
2016,10309,0.13775016242044455
2017,10309,0.1521586245987498
1996,10310,0.054258520784044244
1997,10310,0.05361385731416891
1998,10310,0.05525222740813449
1999,10310,0.059900760425115857
2000,10310,0.06938511045537486
2001,10310,0.07952822721111462
2002,10310,0.08914030822554254
2003,10310,0.10123779120979447
2004,10310,0.11282693181244037
2005,10310,0.1353928957431814
2006,10310,0.14821609457211146
2007,10310,0.14897490193324167
2008,10310,0.1413132625310003
2009,10310,0.13631645022125818
2010,10310,0.1186350749439475
2011,10310,0.11419248815041709
2012,10310,0.10982774523318835
2013,10310,0.11531695988548278
2014,10310,0.1193812950563166
2015,10310,0.12409376893876178
2016,10310,0.13608201013070215
2017,10310,0.1498696581842099
1996,10312,0.05776940502563367
1997,10312,0.05777421834161223
1998,10312,0.06094423892665501
1999,10312,0.06569527028497425
2000,10312,0.07718298491877035
2001,10312,0.08724877071405378
2002,10312,0.0969028159036109
2003,10312,0.10944371304586607
2004,10312,0.1230904190427059
2005,10312,0.14020504120912405
2006,10312,0.1517163717692754
2007,10312,0.14963681383971955
2008,10312,0.14274232642878523
2009,10312,0.13924919393186325
2010,10312,0.12519042642738828
2011,10312,0.12214974800219101
2012,10312,0.12032749567022893
2013,10312,0.12345943734846014
2014,10312,0.12729162081839432
2015,10312,0.13096152576864994
2016,10312,0.13847745513922435
2017,10312,0.15272996915991027
1996,10314,0.05306337474793363
1997,10314,0.05398093798128462
1998,10314,0.05624217998690347
1999,10314,0.05920622273518906
2000,10314,0.0692322543622689
2001,10314,0.0794154968343564
2002,10314,0.08959807111307483
2003,10314,0.10098237151340111
2004,10314,0.11457189098539539
2005,10314,0.13215177003934014
2006,10314,0.14408050638740058
2007,10314,0.14384156088357272
2008,10314,0.1359849187762829
2009,10314,0.13276206641829627
2010,10314,0.12157080223014666
2011,10314,0.11734895219750956
2012,10314,0.11548051164313589
2013,10314,0.1177223031077808
2014,10314,0.12275950015155417
2015,10314,0.12837125362706195
2016,10314,0.1370438930498221
2017,10314,0.15186331390512967
1996,10456,
1997,10456,
1998,10456,
1999,10456,
2000,10456,
2001,10456,
2002,10456,
2003,10456,
2004,10456,
2005,10456,
2006,10456,
2007,10456,
2008,10456,
2009,10456,
2010,10456,0.11127262474566528
2011,10456,0.10726891642523899
2012,10456,0.10187365618229888
2013,10456,0.10102560088041455
2014,10456,0.10239745897141424
2015,10456,0.1058256469292461
2016,10456,0.11608955168766567
2017,10456,0.1265287582001343
1996,10457,
1997,10457,
1998,10457,
1999,10457,
2000,10457,
2001,10457,
2002,10457,
2003,10457,
2004,10457,0.08690361405725307
2005,10457,0.08653068235972115
2006,10457,0.1120402079108067
2007,10457,0.11677250612317273
2008,10457,0.11219536522924495
2009,10457,0.1050470459154836
2010,10457,0.10706393976611589
2011,10457,0.1091382196355075
2012,10457,0.10068558760684597
2013,10457,0.0982704171356331
2014,10457,0.10081733442574715
2015,10457,0.10922893448689881
2016,10457,0.12119736641573092
2017,10457,0.12933094315596394
1996,10459,
1997,10459,
1998,10459,
1999,10459,
2000,10459,0.05471092077087795
2001,10459,0.05277480371163456
2002,10459,0.04978586723768737
2003,10459,0.05420235546038544
2004,10459,0.07448406587379806
2005,10459,0.08215611604020773
2006,10459,0.09909469335628845
2007,10459,0.11203740906310967
2008,10459,0.11307711646222707
2009,10459,0.10611411883659923
2010,10459,0.10754030156763711
2011,10459,0.10711076002357688
2012,10459,0.0967373649958682
2013,10459,0.09639103837030044
2014,10459,0.09769582349272128
2015,10459,0.09812370530674812
2016,10459,0.107301221831845
2017,10459,0.11534779326922426
1996,10461,
1997,10461,
1998,10461,
1999,10461,
2000,10461,
2001,10461,
2002,10461,
2003,10461,
2004,10461,
2005,10461,
2006,10461,
2007,10461,
2008,10461,
2009,10461,
2010,10461,0.10006882372373431
2011,10461,0.09430468276863196
2012,10461,0.09016394355904106
2013,10461,0.08781578934465041
2014,10461,0.09399283343346587
2015,10461,0.09636714807370227
2016,10461,0.09953647959762534
2017,10461,0.0999771590469672
1996,10462,
1997,10462,
1998,10462,
1999,10462,
2000,10462,
2001,10462,
2002,10462,
2003,10462,
2004,10462,
2005,10462,
2006,10462,
2007,10462,
2008,10462,
2009,10462,0.042128234501144037
2010,10462,0.054252730326923564
2011,10462,0.04927853914746048
2012,10462,0.04574899571578514
2013,10462,0.04620309600987952
2014,10462,0.04813974776454797
2015,10462,0.04939950459737205
2016,10462,0.05532702186854141
2017,10462,0.060472320989866574
1996,10463,
1997,10463,
1998,10463,
1999,10463,
2000,10463,
2001,10463,
2002,10463,
2003,10463,
2004,10463,0.13938890181866542
2005,10463,0.1333937338608682
2006,10463,0.1584682647870466
2007,10463,0.1517909587614013
2008,10463,0.16935698374172956
2009,10463,0.1618595604614822
2010,10463,0.13565465138259633
2011,10463,0.12539417853255344
2012,10463,0.11591460445844078
2013,10463,0.10907658929174356
2014,10463,0.11126917928329245
2015,10463,0.11246842048046927
2016,10463,0.1257561565427192
2017,10463,0.1365281006400214
1996,10464,
1997,10464,
1998,10464,
1999,10464,
2000,10464,
2001,10464,
2002,10464,
2003,10464,0.13142048898192
2004,10464,0.16721920992839767
2005,10464,0.17541697327917113
2006,10464,0.2181176020685617
2007,10464,0.20943335538119304
2008,10464,0.1862484767860991
2009,10464,0.18067278430994518
2010,10464,0.1795230259820636
2011,10464,0.16106060810206457
2012,10464,0.15778760341912815
2013,10464,0.15637670829975606
2014,10464,0.14779329429078736
2015,10464,0.14761321960245646
2016,10464,0.16458607749309265
2017,10464,0.17090203888821828
1996,10465,
1997,10465,
1998,10465,
1999,10465,
2000,10465,
2001,10465,
2002,10465,
2003,10465,
2004,10465,
2005,10465,
2006,10465,
2007,10465,
2008,10465,
2009,10465,
2010,10465,0.10520551862820436
2011,10465,0.1043562082709358
2012,10465,0.0968332141108963
2013,10465,0.10870746411949428
2014,10465,0.1021703679064752
2015,10465,0.10774864127770584
2016,10465,0.11532619465879329
2017,10465,0.12210812572262514
1996,10466,
1997,10466,
1998,10466,
1999,10466,
2000,10466,
2001,10466,
2002,10466,
2003,10466,
2004,10466,
2005,10466,
2006,10466,
2007,10466,
2008,10466,
2009,10466,
2010,10466,
2011,10466,
2012,10466,
2013,10466,
2014,10466,
2015,10466,0.09470429050084041
2016,10466,0.10342661946912918
2017,10466,0.10243240075724193
1996,10467,
1997,10467,
1998,10467,
1999,10467,
2000,10467,
2001,10467,
2002,10467,
2003,10467,
2004,10467,
2005,10467,
2006,10467,
2007,10467,
2008,10467,
2009,10467,
2010,10467,
2011,10467,
2012,10467,
2013,10467,
2014,10467,
2015,10467,0.06760719871614723
2016,10467,0.07060361178844347
2017,10467,0.07399397489522044
1996,10468,
1997,10468,
1998,10468,
1999,10468,
2000,10468,
2001,10468,
2002,10468,
2003,10468,
2004,10468,
2005,10468,
2006,10468,
2007,10468,
2008,10468,
2009,10468,
2010,10468,
2011,10468,
2012,10468,0.05524431162211094
2013,10468,0.06070913554635884
2014,10468,0.05838903222932599
2015,10468,0.05819619246487431
2016,10468,0.06323583753220093
2017,10468,0.07647200480317784
1996,10469,
1997,10469,
1998,10469,
1999,10469,
2000,10469,
2001,10469,
2002,10469,
2003,10469,
2004,10469,
2005,10469,
2006,10469,
2007,10469,
2008,10469,
2009,10469,
2010,10469,
2011,10469,
2012,10469,
2013,10469,0.09028814890442162
2014,10469,0.09066495247710417
2015,10469,0.09485721024000697
2016,10469,0.10324808627111619
2017,10469,0.10870071232010901
1996,10470,
1997,10470,
1998,10470,
1999,10470,
2000,10470,
2001,10470,
2002,10470,
2003,10470,
2004,10470,0.12582907475381352
2005,10470,0.11806311308706892
2006,10470,0.13958585585600336
2007,10470,0.1442491417816327
2008,10470,0.1366019979483067
2009,10470,0.12314180022049998
2010,10470,0.11581083495853385
2011,10470,0.11748120788097609
2012,10470,0.11526046981436677
2013,10470,0.11237144048571786
2014,10470,0.11669326625069411
2015,10470,0.12635711630654767
2016,10470,0.13261891062404496
2017,10470,0.13764389570160357
1996,10471,
1997,10471,
1998,10471,
1999,10471,
2000,10471,
2001,10471,
2002,10471,
2003,10471,
2004,10471,
2005,10471,
2006,10471,
2007,10471,
2008,10471,
2009,10471,
2010,10471,0.12741759982795534
2011,10471,0.125066676647119
2012,10471,0.1166281808916303
2013,10471,0.10033714745439755
2014,10471,0.10639233531998381
2015,10471,0.1081736157351712
2016,10471,0.11817675784315007
2017,10471,0.11442534505809643
1996,10473,
1997,10473,
1998,10473,
1999,10473,
2000,10473,
2001,10473,
2002,10473,
2003,10473,0.06245968680387006
2004,10473,0.0810807815495783
2005,10473,0.09093604193680664
2006,10473,0.10905620019727147
2007,10473,0.11696091143841919
2008,10473,0.1145864503330341
2009,10473,0.11148607463067017
2010,10473,0.10718322971040994
2011,10473,0.10663740842947544
2012,10473,0.09671288138223005
2013,10473,0.09581831642930072
2014,10473,0.09756983208142288
2015,10473,0.09916779544017217
2016,10473,0.10324205753615778
2017,10473,0.11234875635067458
1996,11004,
1997,11004,
1998,11004,
1999,11004,
2000,11004,
2001,11004,
2002,11004,
2003,11004,0.15082244473303674
2004,11004,0.1722917431566379
2005,11004,0.19720726853419787
2006,11004,0.23054752349056407
2007,11004,0.22099247252062562
2008,11004,0.2044416157047969
2009,11004,0.18365498026276927
2010,11004,0.18980920434719575
2011,11004,0.1830019439814208
2012,11004,0.17883261240237613
2013,11004,0.18717641271414787
2014,11004,0.19915063367454414
2015,11004,0.20511752481621226
2016,11004,0.2177670875540313
2017,11004,0.2411501081022663
1996,11101,
1997,11101,
1998,11101,
1999,11101,
2000,11101,
2001,11101,
2002,11101,
2003,11101,
2004,11101,
2005,11101,
2006,11101,
2007,11101,
2008,11101,
2009,11101,
2010,11101,0.27319672148056423
2011,11101,0.2719874799346804
2012,11101,0.282655368791124
2013,11101,0.3270743207788894
2014,11101,0.3745854097901002
2015,11101,0.4156595500938822
2016,11101,0.44759123067426937
2017,11101,0.46701968327711013
1996,11102,
1997,11102,
1998,11102,
1999,11102,
2000,11102,
2001,11102,
2002,11102,
2003,11102,0.17880085653104927
2004,11102,0.18638472519628832
2005,11102,0.1394539614561028
2006,11102,0.180406852248394
2007,11102,0.18486795146324053
2008,11102,0.19004282655246252
2009,11102,0.24897394718058533
2010,11102,0.27984475374732326
2011,11102,0.23246788008565308
2012,11102,0.23710742326909348
2013,11102,0.23318165596002857
2014,11102,0.2446466809421841
2015,11102,0.27538365453247676
2016,11102,0.3106709493219129
2017,11102,0.38751338329764456
1996,11103,
1997,11103,
1998,11103,
1999,11103,
2000,11103,
2001,11103,
2002,11103,
2003,11103,0.1344368333981325
2004,11103,0.15653743290745284
2005,11103,0.17236877376380402
2006,11103,0.20225385123816275
2007,11103,0.20411683738836675
2008,11103,0.20389008622812207
2009,11103,0.19878936428738447
2010,11103,0.19829021419968548
2011,11103,0.19073400028553886
2012,11103,0.1923754636475872
2013,11103,0.20111887548345164
2014,11103,0.22805834003573552
2015,11103,0.23474045468047666
2016,11103,0.27559456483771116
2017,11103,0.32761201660385025
1996,11104,
1997,11104,
1998,11104,
1999,11104,
2000,11104,
2001,11104,
2002,11104,
2003,11104,0.16247323340471093
2004,11104,0.17478586723768738
2005,11104,0.15221270521056388
2006,11104,0.19155960028551036
2007,11104,0.19227337615988582
2008,11104,0.19517309064953606
2009,11104,0.22162740899357602
2010,11104,0.2357690935046395
2011,11104,0.2134189864382584
2012,11104,0.20355995717344755
2013,11104,0.21770164168451103
2014,11104,0.23625981441827268
2015,11104,0.2598590292648108
2016,11104,0.2916220556745182
2017,11104,0.3478319057815846
1996,11105,
1997,11105,
1998,11105,
1999,11105,
2000,11105,
2001,11105,
2002,11105,
2003,11105,0.1290628811816979
2004,11105,0.148236486706485
2005,11105,0.16899303268173668
2006,11105,0.2007886344452047
2007,11105,0.19989690999976104
2008,11105,0.19836364279220808
2009,11105,0.190048941152161
2010,11105,0.18600137872987765
2011,11105,0.18527369093606683
2012,11105,0.18759730556667578
2013,11105,0.19541503449497466
2014,11105,0.21509045991448503
2015,11105,0.23084728942324265
2016,11105,0.25612186676490606
2017,11105,0.28800408114711146
1996,11201,
1997,11201,
1998,11201,
1999,11201,
2000,11201,
2001,11201,
2002,11201,
2003,11201,
2004,11201,
2005,11201,
2006,11201,
2007,11201,0.2267258186907301
2008,11201,0.2399494068899105
2009,11201,0.25378660139308873
2010,11201,0.27268271125377763
2011,11201,0.27724631270890504
2012,11201,0.29728653360009144
2013,11201,0.336241932260275
2014,11201,0.38826931057435293
2015,11201,0.4564083041995493
2016,11201,0.48301674937922917
2017,11201,0.5010276897753244
1996,11203,
1997,11203,
1998,11203,
1999,11203,
2000,11203,
2001,11203,
2002,11203,
2003,11203,0.08512641429467366
2004,11203,0.10454967644074713
2005,11203,0.118661870708389
2006,11203,0.14611276423584416
2007,11203,0.15468263787352174
2008,11203,0.149105090623099
2009,11203,0.1317791317239357
2010,11203,0.1253146745800696
2011,11203,0.12177403657521713
2012,11203,0.11934394039951278
2013,11203,0.12181844131071373
2014,11203,0.11942790924612619
2015,11203,0.12626077677545613
2016,11203,0.14149847497966558
2017,11203,0.15715576676291781
1996,11204,
1997,11204,
1998,11204,
1999,11204,
2000,11204,
2001,11204,
2002,11204,
2003,11204,0.12410769709636771
2004,11204,0.15353132141659628
2005,11204,0.1641721866113473
2006,11204,0.19182693918704072
2007,11204,0.18924674794366123
2008,11204,0.18663844585715603
2009,11204,0.18148028301829255
2010,11204,0.1914417972754062
2011,11204,0.19147143361660104
2012,11204,0.1933074532326344
2013,11204,0.20766500795709286
2014,11204,0.2220320363621832
2015,11204,0.23650172229295618
2016,11204,0.2566663752297118
2017,11204,0.27414341362373185
1996,11205,
1997,11205,
1998,11205,
1999,11205,
2000,11205,
2001,11205,
2002,11205,
2003,11205,
2004,11205,
2005,11205,
2006,11205,
2007,11205,
2008,11205,
2009,11205,
2010,11205,0.18773297308194778
2011,11205,0.1828212573749266
2012,11205,0.18650475749525777
2013,11205,0.21053965710912437
2014,11205,0.23548731524418767
2015,11205,0.2634300344623231
2016,11205,0.31021266145465604
2017,11205,0.33366994656112736
1996,11206,
1997,11206,
1998,11206,
1999,11206,
2000,11206,
2001,11206,
2002,11206,
2003,11206,0.09745696253278256
2004,11206,0.1022172610879281
2005,11206,0.10514296763218517
2006,11206,0.1226218412118864
2007,11206,0.12973135191409857
2008,11206,0.14467568498408212
2009,11206,0.1435886189164205
2010,11206,0.1395750312717463
2011,11206,0.14639668931351238
2012,11206,0.14956719565511095
2013,11206,0.15568802490334288
2014,11206,0.1752187497485932
2015,11206,0.19439359080074206
2016,11206,0.1902510203290498
2017,11206,0.2135297774968587
1996,11207,
1997,11207,
1998,11207,
1999,11207,
2000,11207,
2001,11207,
2002,11207,
2003,11207,0.08038877053535469
2004,11207,0.10143026501430057
2005,11207,0.11263062238517617
2006,11207,0.13238198675742494
2007,11207,0.13906473993101265
2008,11207,0.13432818115160383
2009,11207,0.1287910955682461
2010,11207,0.12214533257097886
2011,11207,0.11705472178273242
2012,11207,0.11298731157006318
2013,11207,0.11120744635864231
2014,11207,0.11922045925592911
2015,11207,0.1310634948642442
2016,11207,0.13964718463501966
2017,11207,0.14631863065218426
1996,11208,
1997,11208,
1998,11208,
1999,11208,
2000,11208,
2001,11208,
2002,11208,
2003,11208,0.07755576710710888
2004,11208,0.0997458429740065
2005,11208,0.11782087927092294
2006,11208,0.14379988074624642
2007,11208,0.15466175404968788
2008,11208,0.15470675290546795
2009,11208,0.12958947762721887
2010,11208,0.12002062227173904
2011,11208,0.11289713438814204
2012,11208,0.10860075633378491
2013,11208,0.10775960230642702
2014,11208,0.11566476251765295
2015,11208,0.12758089155626032
2016,11208,0.14048950620568612
2017,11208,0.1569441021990024
1996,11209,
1997,11209,
1998,11209,
1999,11209,
2000,11209,
2001,11209,
2002,11209,
2003,11209,
2004,11209,0.20628957105334406
2005,11209,0.16560273076880452
2006,11209,0.1720916314792034
2007,11209,0.1749869778679168
2008,11209,0.16491560550143522
2009,11209,0.1555036517383161
2010,11209,0.1508408632196418
2011,11209,0.14917580049190093
2012,11209,0.14728230881785612
2013,11209,0.15799060739231388
2014,11209,0.16770864319565218
2015,11209,0.18236743836882785
2016,11209,0.20433523210742102
2017,11209,0.23357721129964923
1996,11210,
1997,11210,
1998,11210,
1999,11210,
2000,11210,
2001,11210,
2002,11210,
2003,11210,0.13492675188643224
2004,11210,0.15684172342142436
2005,11210,0.1678804566079587
2006,11210,0.1904092546000834
2007,11210,0.18960881234002366
2008,11210,0.18635276093169098
2009,11210,0.17073406723836607
2010,11210,0.1612306355040146
2011,11210,0.16253039100664707
2012,11210,0.1637037682273362
2013,11210,0.16631080505359533
2014,11210,0.16080674876128292
2015,11210,0.1833049562550899
2016,11210,0.20254682243598918
2017,11210,0.22736029072842795
1996,11211,
1997,11211,
1998,11211,
1999,11211,
2000,11211,
2001,11211,
2002,11211,
2003,11211,
2004,11211,
2005,11211,
2006,11211,
2007,11211,
2008,11211,
2009,11211,
2010,11211,0.2415831523907644
2011,11211,0.2405914020359877
2012,11211,0.25526098600672265
2013,11211,0.30397120422834906
2014,11211,0.367300202688636
2015,11211,0.41913749717988386
2016,11211,0.45915422404701095
2017,11211,0.47143137541163016
1996,11212,
1997,11212,
1998,11212,
1999,11212,
2000,11212,
2001,11212,
2002,11212,
2003,11212,0.06882335339295807
2004,11212,0.0928716549958129
2005,11212,0.11338043323824787
2006,11212,0.13798860672311516
2007,11212,0.14561092876724663
2008,11212,0.14573671375874014
2009,11212,0.13801186074229604
2010,11212,0.12087744937292405
2011,11212,0.11337713454334686
2012,11212,0.11062646573888855
2013,11212,0.11476295350024397
2014,11212,0.11640090309960323
2015,11212,0.12279936632189607
2016,11212,0.13406323395219935
2017,11212,0.15412804405167352
1996,11213,
1997,11213,
1998,11213,
1999,11213,
2000,11213,
2001,11213,
2002,11213,
2003,11213,
2004,11213,
2005,11213,
2006,11213,
2007,11213,
2008,11213,
2009,11213,
2010,11213,0.14930695801648614
2011,11213,0.1531541518453813
2012,11213,0.16408326423872754
2013,11213,0.18338824503427165
2014,11213,0.1937525197045404
2015,11213,0.23351038781569367
2016,11213,0.273222269242468
2017,11213,0.3063452204473899
1996,11214,
1997,11214,
1998,11214,
1999,11214,
2000,11214,
2001,11214,
2002,11214,
2003,11214,0.12716017646071728
2004,11214,0.15574694235307585
2005,11214,0.1600916639381239
2006,11214,0.18052268924227008
2007,11214,0.17131062393105376
2008,11214,0.1658243262350403
2009,11214,0.16020017972784914
2010,11214,0.1653220934799979
2011,11214,0.161138219459413
2012,11214,0.1622435040734781
2013,11214,0.17533326970611415
2014,11214,0.18718617011518734
2015,11214,0.20547739035153015
2016,11214,0.22067475051386112
2017,11214,0.23991444997356018
1996,11215,
1997,11215,
1998,11215,
1999,11215,
2000,11215,
2001,11215,
2002,11215,
2003,11215,
2004,11215,0.21946577303835216
2005,11215,0.21124467409096095
2006,11215,0.2289279288144963
2007,11215,0.23344941238971295
2008,11215,0.2460630120853028
2009,11215,0.2380827527215004
2010,11215,0.24788299410083334
2011,11215,0.26421204446498275
2012,11215,0.282336912879514
2013,11215,0.32281836530763497
2014,11215,0.3684511455376321
2015,11215,0.39928967533904847
2016,11215,0.42934993026353235
2017,11215,0.4699922259718826
1996,11216,
1997,11216,
1998,11216,
1999,11216,
2000,11216,
2001,11216,
2002,11216,
2003,11216,
2004,11216,
2005,11216,
2006,11216,
2007,11216,
2008,11216,
2009,11216,
2010,11216,0.20510859590088712
2011,11216,0.19976802284082798
2012,11216,0.21132226980728053
2013,11216,0.2569593147751606
2014,11216,0.32280513918629544
2015,11216,0.38534019442894923
2016,11216,0.3767481828790828
2017,11216,0.40391809175064686
1996,11217,
1997,11217,
1998,11217,
1999,11217,
2000,11217,
2001,11217,
2002,11217,
2003,11217,
2004,11217,0.1953794783864272
2005,11217,0.17653300971949773
2006,11217,0.17603706043377554
2007,11217,0.1841107823253649
2008,11217,0.18987099777238417
2009,11217,0.19628231982356395
2010,11217,0.23967623333819701
2011,11217,0.26132654563994506
2012,11217,0.27128510572115083
2013,11217,0.31594038536399166
2014,11217,0.37218997257916064
2015,11217,0.4130409142327978
2016,11217,0.45968982580319767
2017,11217,0.49477408282910207
1996,11218,
1997,11218,
1998,11218,
1999,11218,
2000,11218,
2001,11218,
2002,11218,
2003,11218,
2004,11218,
2005,11218,
2006,11218,
2007,11218,
2008,11218,
2009,11218,
2010,11218,
2011,11218,
2012,11218,
2013,11218,
2014,11218,
2015,11218,
2016,11218,0.2601562906403514
2017,11218,0.2749757926177584
1996,11219,
1997,11219,
1998,11219,
1999,11219,
2000,11219,
2001,11219,
2002,11219,
2003,11219,
2004,11219,
2005,11219,
2006,11219,
2007,11219,
2008,11219,
2009,11219,
2010,11219,0.18304579757474324
2011,11219,0.18203569409773543
2012,11219,0.18566497711192234
2013,11219,0.20202216093492323
2014,11219,0.21556759744326937
2015,11219,0.2323672535756844
2016,11219,0.2547622771787957
2017,11219,0.29150288438831407
1996,11220,
1997,11220,
1998,11220,
1999,11220,
2000,11220,
2001,11220,
2002,11220,
2003,11220,
2004,11220,
2005,11220,
2006,11220,
2007,11220,
2008,11220,
2009,11220,
2010,11220,
2011,11220,
2012,11220,
2013,11220,
2014,11220,
2015,11220,
2016,11220,0.27131743956660037
2017,11220,0.2678781121617113
1996,11221,
1997,11221,
1998,11221,
1999,11221,
2000,11221,
2001,11221,
2002,11221,
2003,11221,0.08870565548425707
2004,11221,0.11310137314226819
2005,11221,0.12935133158227216
2006,11221,0.14785938313883257
2007,11221,0.15379415056909487
2008,11221,0.15234232137513715
2009,11221,0.13331338453524844
2010,11221,0.12792249832614966
2011,11221,0.1218478011184569
2012,11221,0.1324627395205506
2013,11221,0.16290405571452968
2014,11221,0.21649996228452614
2015,11221,0.2634491180286563
2016,11221,0.3008938349278964
2017,11221,0.3268162038633318
1996,11222,
1997,11222,
1998,11222,
1999,11222,
2000,11222,
2001,11222,
2002,11222,
2003,11222,
2004,11222,
2005,11222,
2006,11222,
2007,11222,
2008,11222,
2009,11222,
2010,11222,0.23948479086201435
2011,11222,0.23871830473329259
2012,11222,0.2555073639566606
2013,11222,0.3038333208654313
2014,11222,0.3531866264868371
2015,11222,0.40116345588655133
2016,11222,0.4430106404296313
2017,11222,0.4610074368799975
1996,11223,
1997,11223,
1998,11223,
1999,11223,
2000,11223,
2001,11223,
2002,11223,
2003,11223,
2004,11223,0.1856518763052877
2005,11223,0.18334581215968712
2006,11223,0.20849725132687627
2007,11223,0.20574378589956013
2008,11223,0.19950306822529287
2009,11223,0.19283035797579454
2010,11223,0.1975276253535507
2011,11223,0.2009947494803784
2012,11223,0.20114813360198477
2013,11223,0.21341692846201052
2014,11223,0.23139392870338482
2015,11223,0.2551567033443569
2016,11223,0.2604059529884879
2017,11223,0.27719913151843534
1996,11224,
1997,11224,
1998,11224,
1999,11224,
2000,11224,
2001,11224,
2002,11224,
2003,11224,0.10920770877944326
2004,11224,0.12509458162189804
2005,11224,0.11651232304608038
2006,11224,0.13446919220087905
2007,11224,0.1385425901974131
2008,11224,0.13965899596104472
2009,11224,0.15738191660082923
2010,11224,0.14338686446556814
2011,11224,0.13944672566172525
2012,11224,0.1432707287101487
2013,11224,0.14603883403210663
2014,11224,0.1448615494816725
2015,11224,0.1576799171834715
2016,11224,0.17096131513047616
2017,11224,0.18320386506363395
1996,11225,
1997,11225,
1998,11225,
1999,11225,
2000,11225,
2001,11225,
2002,11225,
2003,11225,
2004,11225,
2005,11225,
2006,11225,
2007,11225,
2008,11225,
2009,11225,
2010,11225,0.173009517490811
2011,11225,0.17198597460783324
2012,11225,0.17890131395323974
2013,11225,0.202267273692977
2014,11225,0.23182227031751032
2015,11225,0.26179062513032764
2016,11225,0.29793747666804016
2017,11225,0.3174800629164232
1996,11226,
1997,11226,
1998,11226,
1999,11226,
2000,11226,
2001,11226,
2002,11226,
2003,11226,0.1051239897539214
2004,11226,0.12371889754911003
2005,11226,0.1209642166179848
2006,11226,0.14797190141425492
2007,11226,0.16121655449680106
2008,11226,0.16153587231625363
2009,11226,0.1490872481544336
2010,11226,0.1481319615366479
2011,11226,0.1471468657818238
2012,11226,0.14988844685981684
2013,11226,0.16090387708070816
2014,11226,0.17489388837150002
2015,11226,0.20215699583061578
2016,11226,0.22821076302681317
2017,11226,0.24779399185203374
1996,11228,
1997,11228,
1998,11228,
1999,11228,
2000,11228,
2001,11228,
2002,11228,
2003,11228,0.14053952279086107
2004,11228,0.17552736905800925
2005,11228,0.2001438804985358
2006,11228,0.22564443994769837
2007,11228,0.21599721389024887
2008,11228,0.2086803073871045
2009,11228,0.19740881226645565
2010,11228,0.19145589402586194
2011,11228,0.18795453123530773
2012,11228,0.18741676270859653
2013,11228,0.20152683013569986
2014,11228,0.22491667866916043
2015,11228,0.24800433516366735
2016,11228,0.26935575623026514
2017,11228,0.2880665166766576
1996,11229,
1997,11229,
1998,11229,
1999,11229,
2000,11229,
2001,11229,
2002,11229,
2003,11229,
2004,11229,
2005,11229,
2006,11229,
2007,11229,
2008,11229,
2009,11229,
2010,11229,
2011,11229,
2012,11229,
2013,11229,0.13319435761083628
2014,11229,0.11940116706333426
2015,11229,0.15451155238992692
2016,11229,0.18568246512197592
2017,11229,0.238802835616898
1996,11230,
1997,11230,
1998,11230,
1999,11230,
2000,11230,
2001,11230,
2002,11230,
2003,11230,
2004,11230,0.1948997572896233
2005,11230,0.17979962540590264
2006,11230,0.20318404982766455
2007,11230,0.20445578570557796
2008,11230,0.1973545677206282
2009,11230,0.1869424033868626
2010,11230,0.1808774146357682
2011,11230,0.17987443339872108
2012,11230,0.17462124990302672
2013,11230,0.1856983741729561
2014,11230,0.21005807316775835
2015,11230,0.2351603107579435
2016,11230,0.22748236564390104
2017,11230,0.24795882694350507
1996,11231,
1997,11231,
1998,11231,
1999,11231,
2000,11231,
2001,11231,
2002,11231,
2003,11231,0.1386773946869701
2004,11231,0.18801472544523304
2005,11231,0.20352998858960072
2006,11231,0.22750027323991664
2007,11231,0.24469746808791526
2008,11231,0.24614826421487732
2009,11231,0.25036974305800935
2010,11231,0.2622946713513665
2011,11231,0.27729883469986405
2012,11231,0.28424396429915383
2013,11231,0.32587128312350017
2014,11231,0.37737623876703225
2015,11231,0.4120698000214651
2016,11231,0.434263131202375
2017,11231,0.4557768482921819
1996,11232,
1997,11232,
1998,11232,
1999,11232,
2000,11232,
2001,11232,
2002,11232,
2003,11232,
2004,11232,0.17380309601603464
2005,11232,0.14237314847992935
2006,11232,0.16298138593337294
2007,11232,0.169041655058939
2008,11232,0.1803985943869455
2009,11232,0.17954885710663593
2010,11232,0.17995419907486085
2011,11232,0.18592090777971562
2012,11232,0.1772499144593829
2013,11232,0.18454692125922714
2014,11232,0.20546737039576055
2015,11232,0.24576554811956944
2016,11232,0.26547141387940154
2017,11232,0.2945888291208303
1996,11233,
1997,11233,
1998,11233,
1999,11233,
2000,11233,
2001,11233,
2002,11233,
2003,11233,
2004,11233,
2005,11233,
2006,11233,
2007,11233,
2008,11233,
2009,11233,
2010,11233,0.12910278780435813
2011,11233,0.1286696460467147
2012,11233,0.12721233410738753
2013,11233,0.1490966977880732
2014,11233,0.1825505634159025
2015,11233,0.21561146014783797
2016,11233,0.23480987621052152
2017,11233,0.26500714406615655
1996,11234,
1997,11234,
1998,11234,
1999,11234,
2000,11234,
2001,11234,
2002,11234,
2003,11234,0.11159467644751063
2004,11234,0.13896945822638382
2005,11234,0.15514000029000038
2006,11234,0.18319887265559198
2007,11234,0.18105482331252712
2008,11234,0.1739461209685528
2009,11234,0.16118296090830583
2010,11234,0.15271228308558252
2011,11234,0.14846556999403804
2012,11234,0.1467554891675628
2013,11234,0.15366464645139732
2014,11234,0.15975869408210688
2015,11234,0.16627440038425292
2016,11234,0.17887231203115117
2017,11234,0.19189874766788298
1996,11235,
1997,11235,
1998,11235,
1999,11235,
2000,11235,
2001,11235,
2002,11235,
2003,11235,0.12414802008179007
2004,11235,0.15639723169964168
2005,11235,0.14291974474651392
2006,11235,0.16457537567685246
2007,11235,0.17587120386368774
2008,11235,0.1825154480374035
2009,11235,0.17743637304034088
2010,11235,0.16752125316608535
2011,11235,0.1619100786965403
2012,11235,0.16505888820536505
2013,11235,0.1682046270407621
2014,11235,0.17924810498587437
2015,11235,0.19855442244405364
2016,11235,0.21333077799993874
2017,11235,0.22538198317847002
1996,11236,
1997,11236,
1998,11236,
1999,11236,
2000,11236,
2001,11236,
2002,11236,
2003,11236,
2004,11236,
2005,11236,
2006,11236,
2007,11236,
2008,11236,
2009,11236,
2010,11236,
2011,11236,
2012,11236,
2013,11236,0.12278404083437913
2014,11236,0.12090028812439126
2015,11236,0.12102099388606881
2016,11236,0.1334388793107049
2017,11236,0.1429208156585729
1996,11237,
1997,11237,
1998,11237,
1999,11237,
2000,11237,
2001,11237,
2002,11237,
2003,11237,
2004,11237,
2005,11237,
2006,11237,
2007,11237,
2008,11237,
2009,11237,
2010,11237,0.19883756500458857
2011,11237,0.1890613847251963
2012,11237,0.21355281941470375
2013,11237,0.2453158458244111
2014,11237,0.29416488222698073
2015,11237,0.3632226980728051
2016,11237,0.41787116345467523
2017,11237,0.4433886509635975
1996,11238,
1997,11238,
1998,11238,
1999,11238,
2000,11238,
2001,11238,
2002,11238,
2003,11238,
2004,11238,
2005,11238,
2006,11238,
2007,11238,
2008,11238,
2009,11238,
2010,11238,0.19890818847422653
2011,11238,0.20813165282153137
2012,11238,0.22008078267413525
2013,11238,0.26269189713808966
2014,11238,0.30537320621269143
2015,11238,0.3569516119247924
2016,11238,0.4185088032128254
2017,11238,0.4442858119747331
1996,11249,
1997,11249,
1998,11249,
1999,11249,
2000,11249,
2001,11249,
2002,11249,
2003,11249,
2004,11249,
2005,11249,
2006,11249,
2007,11249,
2008,11249,
2009,11249,
2010,11249,0.2655620114653617
2011,11249,0.2741242220152667
2012,11249,0.2866215382659169
2013,11249,0.3418314015056529
2014,11249,0.4250697728329175
2015,11249,0.4522178178754115
2016,11249,0.48707625386540704
2017,11249,0.5019989497933459
1996,11354,
1997,11354,
1998,11354,
1999,11354,
2000,11354,
2001,11354,
2002,11354,
2003,11354,0.1587259100642398
2004,11354,0.1729568165596003
2005,11354,0.1679157744468237
2006,11354,0.18602783725910066
2007,11354,0.18232512491077804
2008,11354,0.19526231263383298
2009,11354,0.20391684511063524
2010,11354,0.21886152748037113
2011,11354,0.21087615988579586
2012,11354,0.21319593147751612
2013,11354,0.21877230549607427
2014,11354,0.24125624553890077
2015,11354,0.2549518201284796
2016,11354,0.2868486795146324
2017,11354,0.31651498929336186
1996,11355,
1997,11355,
1998,11355,
1999,11355,
2000,11355,
2001,11355,
2002,11355,
2003,11355,0.1528372591006424
2004,11355,0.15984118486795149
2005,11355,0.15417558886509636
2006,11355,0.17175231977159175
2007,11355,0.17045860099928622
2008,11355,0.1766595289079229
2009,11355,0.19031049250535334
2010,11355,0.2158279800142755
2011,11355,0.2052997858672377
2012,11355,0.2108761598857959
2013,11355,0.21703247680228413
2014,11355,0.23715203426124198
2015,11355,0.2478206051927132
2016,11355,0.2653826563161909
2017,11355,0.28811748688540545
1996,11356,
1997,11356,
1998,11356,
1999,11356,
2000,11356,
2001,11356,
2002,11356,
2003,11356,0.12180873516717514
2004,11356,0.13725253796008755
2005,11356,0.15974120356134694
2006,11356,0.19322451938549257
2007,11356,0.18917787285534102
2008,11356,0.18424186540057538
2009,11356,0.17013919566949232
2010,11356,0.17307901956000296
2011,11356,0.16735781815135112
2012,11356,0.16433183958816908
2013,11356,0.16740034298595538
2014,11356,0.18346930260036595
2015,11356,0.19839711920583944
2016,11356,0.21107764114558417
2017,11356,0.22661152600588566
1996,11357,
1997,11357,
1998,11357,
1999,11357,
2000,11357,
2001,11357,
2002,11357,
2003,11357,0.15726459563921552
2004,11357,0.17939706448666126
2005,11357,0.2085463505612777
2006,11357,0.23920166662050868
2007,11357,0.23149051713022942
2008,11357,0.22796872944619398
2009,11357,0.21177597977942741
2010,11357,0.20075248568030588
2011,11357,0.18303625015761796
2012,11357,0.17622220285846835
2013,11357,0.1849371162346556
2014,11357,0.20546125780701283
2015,11357,0.21654033710993256
2016,11357,0.2419971005362411
2017,11357,0.26193168703877506
1996,11358,
1997,11358,
1998,11358,
1999,11358,
2000,11358,
2001,11358,
2002,11358,
2003,11358,0.14159528907922914
2004,11358,0.16854032833690225
2005,11358,0.1955299785867238
2006,11358,0.22350107066381156
2007,11358,0.21783547466095643
2008,11358,0.2141327623126338
2009,11358,0.20164168451106354
2010,11358,0.19006176809419106
2011,11358,0.17484531108338122
2012,11358,0.17056168863239307
2013,11358,0.18073453116735405
2014,11358,0.20452066840699348
2015,11358,0.2152663655893179
2016,11358,0.23759660739823352
2017,11358,0.2537426626631534
1996,11360,
1997,11360,
1998,11360,
1999,11360,
2000,11360,
2001,11360,
2002,11360,
2003,11360,
2004,11360,
2005,11360,
2006,11360,
2007,11360,
2008,11360,
2009,11360,
2010,11360,0.17364116910713742
2011,11360,0.15432615007157666
2012,11360,0.14029635729861825
2013,11360,0.1561062513885667
2014,11360,0.1544574778955713
2015,11360,0.19741243763547944
2016,11360,0.20931416601315625
2017,11360,0.20542809846237226
1996,11361,
1997,11361,
1998,11361,
1999,11361,
2000,11361,
2001,11361,
2002,11361,
2003,11361,0.15114518435515867
2004,11361,0.17218507843311612
2005,11361,0.20033673549215592
2006,11361,0.23294752278336187
2007,11361,0.22758375365588543
2008,11361,0.2240369224403498
2009,11361,0.20716997827156788
2010,11361,0.1995118877250008
2011,11361,0.18529909701784375
2012,11361,0.181080442760539
2013,11361,0.19014108268047214
2014,11361,0.21416521489516704
2015,11361,0.22089464998341668
2016,11361,0.24022369144790504
2017,11361,0.26184665677550995
1996,11362,
1997,11362,
1998,11362,
1999,11362,
2000,11362,
2001,11362,
2002,11362,
2003,11362,0.1614739290852266
2004,11362,0.1815463095708405
2005,11362,0.2080223163888869
2006,11362,0.2421884939469067
2007,11362,0.2325526145693102
2008,11362,0.2286554928063889
2009,11362,0.21384349020478655
2010,11362,0.214946831712713
2011,11362,0.20880237986360825
2012,11362,0.2082784695405988
2013,11362,0.21345817846376078
2014,11362,0.21575625076792848
2015,11362,0.22259017263604466
2016,11362,0.24048926202626078
2017,11362,0.2543681762194809
1996,11363,
1997,11363,
1998,11363,
1999,11363,
2000,11363,
2001,11363,
2002,11363,
2003,11363,0.19199637329854088
2004,11363,0.21562935675425696
2005,11363,0.24129107762121002
2006,11363,0.28166381193100926
2007,11363,0.2731239365417009
2008,11363,0.2735745903264182
2009,11363,0.26135193195660994
2010,11363,0.24467323365626611
2011,11363,0.2350487595459543
2012,11363,0.23972699416608004
2013,11363,0.24202893886300916
2014,11363,0.2623712635368412
2015,11363,0.27092480018036974
2016,11363,0.293652541809356
2017,11363,0.3137045579710862
1996,11364,
1997,11364,
1998,11364,
1999,11364,
2000,11364,
2001,11364,
2002,11364,
2003,11364,0.15765524625267666
2004,11364,0.18464489650249824
2005,11364,0.2167201998572448
2006,11364,0.2528104925053533
2007,11364,0.24620806566738043
2008,11364,0.2400517487508922
2009,11364,0.2277391149179158
2010,11364,0.22430406852248394
2011,11364,0.2179246966452534
2012,11364,0.21315132048536758
2013,11364,0.2220735189150607
2014,11364,0.24326374018558175
2015,11364,0.2549072091363312
2016,11364,0.25894715229219
2017,11364,0.25588811294521835
1996,11365,
1997,11365,
1998,11365,
1999,11365,
2000,11365,
2001,11365,
2002,11365,
2003,11365,0.14382958828229528
2004,11365,0.16687167002386002
2005,11365,0.19211064252240329
2006,11365,0.22595714702831374
2007,11365,0.21828380571356262
2008,11365,0.2143302308811144
2009,11365,0.19940040005456375
2010,11365,0.19536495784934307
2011,11365,0.18351863929477577
2012,11365,0.18254386957594373
2013,11365,0.19008501429716193
2014,11365,0.20674162064123522
2015,11365,0.22060859102922928
2016,11365,0.2427961460303222
2017,11365,0.2617396586594308
1996,11366,
1997,11366,
1998,11366,
1999,11366,
2000,11366,
2001,11366,
2002,11366,
2003,11366,0.15347852894914474
2004,11366,0.17790662839990726
2005,11366,0.20805092262953825
2006,11366,0.24321483673702873
2007,11366,0.22934839078983496
2008,11366,0.21826488048982629
2009,11366,0.20119133923738017
2010,11366,0.20940280908077072
2011,11366,0.20680494742295633
2012,11366,0.20304354604172392
2013,11366,0.21097613377626975
2014,11366,0.22834897226193906
2015,11366,0.24200389903957428
2016,11366,0.2671474793331425
2017,11366,0.28603602399985645
1996,11367,
1997,11367,
1998,11367,
1999,11367,
2000,11367,
2001,11367,
2002,11367,
2003,11367,0.13430607069976497
2004,11367,0.1512297875733037
2005,11367,0.14930131921453946
2006,11367,0.16876497479927619
2007,11367,0.16134264280803706
2008,11367,0.1600446441867491
2009,11367,0.15533422430133348
2010,11367,0.16237224202111558
2011,11367,0.15556571511065923
2012,11367,0.1588233083325484
2013,11367,0.1664326276748589
2014,11367,0.17604843455331173
2015,11367,0.18830811573041517
2016,11367,0.199652623227617
2017,11367,0.2180565727272494
1996,11368,
1997,11368,
1998,11368,
1999,11368,
2000,11368,
2001,11368,
2002,11368,
2003,11368,0.1210005356344839
2004,11368,0.138177719537223
2005,11368,0.12435580374635391
2006,11368,0.1439811717673864
2007,11368,0.15023550174941183
2008,11368,0.1512773212625306
2009,11368,0.14577198710082143
2010,11368,0.14820679029463205
2011,11368,0.14387116978508432
2012,11368,0.1396335037536419
2013,11368,0.14370145831029885
2014,11368,0.16349262283076105
2015,11368,0.17962764830321185
2016,11368,0.19869394958850087
2017,11368,0.2228236102318991
1996,11369,
1997,11369,
1998,11369,
1999,11369,
2000,11369,
2001,11369,
2002,11369,
2003,11369,0.11071816100274819
2004,11369,0.1303785042374109
2005,11369,0.15239192564803397
2006,11369,0.19083686943340786
2007,11369,0.19882113499097265
2008,11369,0.18302435923622826
2009,11369,0.15750020685071534
2010,11369,0.15021179905432824
2011,11369,0.14386146726139049
2012,11369,0.1427448071244785
2013,11369,0.14945182142778574
2014,11369,0.16478394025997084
2015,11369,0.17844064023443798
2016,11369,0.19915953451451765
2017,11369,0.21766452765880923
1996,11370,
1997,11370,
1998,11370,
1999,11370,
2000,11370,
2001,11370,
2002,11370,
2003,11370,0.13038581950865727
2004,11370,0.1446719398381176
2005,11370,0.15096490489423567
2006,11370,0.17834503222006173
2007,11370,0.17996459426515485
2008,11370,0.17321217692694865
2009,11370,0.17745760838876623
2010,11370,0.17305272789371898
2011,11370,0.16550810835818808
2012,11370,0.16511823643844228
2013,11370,0.16930919864567454
2014,11370,0.18197517995507936
2015,11370,0.2041511777812157
2016,11370,0.22860220568302478
2017,11370,0.25776824961720307
1996,11372,
1997,11372,
1998,11372,
1999,11372,
2000,11372,
2001,11372,
2002,11372,
2003,11372,
2004,11372,
2005,11372,
2006,11372,
2007,11372,
2008,11372,
2009,11372,0.1863624197002141
2010,11372,0.1847787294789436
2011,11372,0.18022840827980013
2012,11372,0.18138829407566023
2013,11372,0.1866077801570307
2014,11372,0.19401320485367593
2015,11372,0.21529264810849394
2016,11372,0.2175479106561934
2017,11372,0.23505843087133518
1996,11373,
1997,11373,
1998,11373,
1999,11373,
2000,11373,
2001,11373,
2002,11373,
2003,11373,
2004,11373,
2005,11373,
2006,11373,
2007,11373,
2008,11373,
2009,11373,0.10178874222828074
2010,11373,0.10132881160576741
2011,11373,0.09277299376045926
2012,11373,0.09101916192882713
2013,11373,0.09568496414757675
2014,11373,0.1007719076592302
2015,11373,0.11283538916780265
2016,11373,0.12466890536511842
2017,11373,0.1525916813511986
1996,11374,
1997,11374,
1998,11374,
1999,11374,
2000,11374,
2001,11374,
2002,11374,
2003,11374,0.14159528907922914
2004,11374,0.16238401142041398
2005,11374,0.1622055674518201
2006,11374,0.1896859386152748
2007,11374,0.18758922198429695
2008,11374,0.19035510349750176
2009,11374,0.19495003568879374
2010,11374,0.20775339043540328
2011,11374,0.19445931477516062
2012,11374,0.19566381156316917
2013,11374,0.20177551748750888
2014,11374,0.21515881513204851
2015,11374,0.21294817088652526
2016,11374,0.20806057138721726
2017,11374,0.22943162722432342
1996,11375,
1997,11375,
1998,11375,
1999,11375,
2000,11375,
2001,11375,
2002,11375,
2003,11375,0.15845824411134904
2004,11375,0.1789346895074946
2005,11375,0.19726980728051394
2006,11375,0.23541220556745182
2007,11375,0.24179157744468235
2008,11375,0.24415596002855103
2009,11375,0.24643112062812275
2010,11375,0.20258368254715906
2011,11375,0.16894616430011686
2012,11375,0.17273049904702795
2013,11375,0.18203077403745896
2014,11375,0.19744624084314102
2015,11375,0.21462299887587463
2016,11375,0.23251957657001998
2017,11375,0.2595823997517001
1996,11377,
1997,11377,
1998,11377,
1999,11377,
2000,11377,
2001,11377,
2002,11377,
2003,11377,0.12434231083829876
2004,11377,0.14590380066489822
2005,11377,0.13641251506928076
2006,11377,0.1527163398324505
2007,11377,0.15310285446986327
2008,11377,0.151889608872559
2009,11377,0.1480896591859623
2010,11377,0.14727092726456056
2011,11377,0.14283898530887068
2012,11377,0.13750241921168468
2013,11377,0.1402288736678897
2014,11377,0.15309805278247496
2015,11377,0.16830464984096116
2016,11377,0.19634962692807276
2017,11377,0.21707300826124545
1996,11378,
1997,11378,
1998,11378,
1999,11378,
2000,11378,
2001,11378,
2002,11378,
2003,11378,0.11647559985046232
2004,11378,0.1387170405796666
2005,11378,0.16172525507751612
2006,11378,0.19165653727049417
2007,11378,0.19407553446510842
2008,11378,0.19678397508018733
2009,11378,0.17786423112274974
2010,11378,0.17015633138090938
2011,11378,0.16519455658029475
2012,11378,0.16273645709535867
2013,11378,0.16752778696586923
2014,11378,0.1832244961285069
2015,11378,0.19595579352514605
2016,11378,0.22133041150245894
2017,11378,0.2394765740541461
1996,11379,
1997,11379,
1998,11379,
1999,11379,
2000,11379,
2001,11379,
2002,11379,
2003,11379,0.1248260887704428
2004,11379,0.14593201904191805
2005,11379,0.1675513472712448
2006,11379,0.1976562166088719
2007,11379,0.20062774668263425
2008,11379,0.19785917608046555
2009,11379,0.1809486836510534
2010,11379,0.17907479059754242
2011,11379,0.17431127492493279
2012,11379,0.17438801259493922
2013,11379,0.17940102840847916
2014,11379,0.18575108088497438
2015,11379,0.1979189429390519
2016,11379,0.21577824259812775
2017,11379,0.23628282348105534
1996,11385,
1997,11385,
1998,11385,
1999,11385,
2000,11385,
2001,11385,
2002,11385,
2003,11385,0.11075927158124269
2004,11385,0.12956322452481409
2005,11385,0.15092332264983355
2006,11385,0.17877630839707467
2007,11385,0.17883284304403846
2008,11385,0.17430832182171874
2009,11385,0.1606124283385231
2010,11385,0.1576304578360699
2011,11385,0.15028649654680037
2012,11385,0.15012604559432358
2013,11385,0.1521685476434894
2014,11385,0.1595240915462503
2015,11385,0.17172473778642716
2016,11385,0.19755022225264318
2017,11385,0.21415071087242207
1996,11411,
1997,11411,
1998,11411,
1999,11411,
2000,11411,
2001,11411,
2002,11411,
2003,11411,0.10229904469321033
2004,11411,0.11869318606155693
2005,11411,0.1395412292899806
2006,11411,0.16941202626321208
2007,11411,0.17873928929784477
2008,11411,0.16453796426431258
2009,11411,0.14465347738093212
2010,11411,0.14564248143659445
2011,11411,0.13541261671773355
2012,11411,0.12984809812558898
2013,11411,0.1321630877962836
2014,11411,0.1384342828009584
2015,11411,0.1423773845737411
2016,11411,0.15669286758917636
2017,11411,0.16687051014103058
1996,11412,
1997,11412,
1998,11412,
1999,11412,
2000,11412,
2001,11412,
2002,11412,
2003,11412,0.08590279417731463
2004,11412,0.10226614525454143
2005,11412,0.12145555010400737
2006,11412,0.1497128640344173
2007,11412,0.15698943939439566
2008,11412,0.14714820142694898
2009,11412,0.12829492083215296
2010,11412,0.1291810060518711
2011,11412,0.11930874641002914
2012,11412,0.11650236763233231
2013,11412,0.12228220616097958
2014,11412,0.12641688809452833
2015,11412,0.12803945886381507
2016,11412,0.1428578015154869
2017,11412,0.15417099679701474
1996,11413,
1997,11413,
1998,11413,
1999,11413,
2000,11413,
2001,11413,
2002,11413,
2003,11413,0.09172148729752094
2004,11413,0.10814523237608768
2005,11413,0.1296275854144242
2006,11413,0.15793757463742183
2007,11413,0.16689008056813115
2008,11413,0.15585255027798386
2009,11413,0.1344529130525489
2010,11413,0.13441619356499618
2011,11413,0.12487378338970423
2012,11413,0.12310699780271321
2013,11413,0.12708890522059282
2014,11413,0.13135752766448106
2015,11413,0.13447246419770983
2016,11413,0.14876825590311538
2017,11413,0.1586352545418935
1996,11414,
1997,11414,
1998,11414,
1999,11414,
2000,11414,
2001,11414,
2002,11414,
2003,11414,0.1308853404028874
2004,11414,0.14644309575088466
2005,11414,0.1636958144272432
2006,11414,0.19305556658086975
2007,11414,0.18994266725872308
2008,11414,0.1810947525014134
2009,11414,0.1621882656190771
2010,11414,0.1649130335873352
2011,11414,0.15847786051845944
2012,11414,0.14820178761199643
2013,11414,0.13692239015241392
2014,11414,0.13628640824586616
2015,11414,0.13883907380200272
2016,11414,0.15006466737155702
2017,11414,0.15995639924248417
1996,11415,
1997,11415,
1998,11415,
1999,11415,
2000,11415,
2001,11415,
2002,11415,
2003,11415,0.13276231263383298
2004,11415,0.15355103497501785
2005,11415,0.15533547466095646
2006,11415,0.18910599571734474
2007,11415,0.19022127052105642
2008,11415,0.1881245538900785
2009,11415,0.18772305496074237
2010,11415,0.1766595289079229
2011,11415,0.16648822269807279
2012,11415,0.17175231977159175
2013,11415,0.17831013561741613
2014,11415,0.18915060670949324
2015,11415,0.1895521056388294
2016,11415,0.19570842255531762
2017,11415,0.216541755888651
1996,11416,
1997,11416,
1998,11416,
1999,11416,
2000,11416,
2001,11416,
2002,11416,
2003,11416,0.10079531593392804
2004,11416,0.11478456113842661
2005,11416,0.13051918601048648
2006,11416,0.16667441207348918
2007,11416,0.17380184088889908
2008,11416,0.15411396378607303
2009,11416,0.13208888273488484
2010,11416,0.1324464714964164
2011,11416,0.12811833831234545
2012,11416,0.12405223852995724
2013,11416,0.12831992876622614
2014,11416,0.13886044703913297
2015,11416,0.14743019682742917
2016,11416,0.162519947611504
2017,11416,0.1775333044632268
1996,11417,
1997,11417,
1998,11417,
1999,11417,
2000,11417,
2001,11417,
2002,11417,
2003,11417,0.10464564932874999
2004,11417,0.12195873604999131
2005,11417,0.14646157526517056
2006,11417,0.17464911082255044
2007,11417,0.17996886224832823
2008,11417,0.16452705439455337
2009,11417,0.14096241503220483
2010,11417,0.1404746212653286
2011,11417,0.1356211827840781
2012,11417,0.13305558796899047
2013,11417,0.13567398192604718
2014,11417,0.1475605976186223
2015,11417,0.14581538880568645
2016,11417,0.15693570897951684
2017,11417,0.17307155386442818
1996,11418,
1997,11418,
1998,11418,
1999,11418,
2000,11418,
2001,11418,
2002,11418,
2003,11418,0.10762367222487265
2004,11418,0.12507913530503686
2005,11418,0.1379933782615579
2006,11418,0.1682880871940938
2007,11418,0.17230570031447004
2008,11418,0.16090999464685893
2009,11418,0.14005686321121494
2010,11418,0.1367034506152268
2011,11418,0.13430658612084326
2012,11418,0.1318493276251198
2013,11418,0.13562172045354823
2014,11418,0.14549227755659677
2015,11418,0.1507788885952048
2016,11418,0.16001296250766317
2017,11418,0.1786533821205905
1996,11419,
1997,11419,
1998,11419,
1999,11419,
2000,11419,
2001,11419,
2002,11419,
2003,11419,0.10237217070760352
2004,11419,0.11938932415247212
2005,11419,0.1420611993278636
2006,11419,0.1744786006304969
2007,11419,0.18324242091622223
2008,11419,0.16548394141332748
2009,11419,0.13591684537168308
2010,11419,0.13194924441138786
2011,11419,0.12829166144274426
2012,11419,0.1271103274555099
2013,11419,0.12924747808405887
2014,11419,0.13494101999839772
2015,11419,0.1398553700997662
2016,11419,0.15484369208499735
2017,11419,0.1652321357810802
1996,11420,
1997,11420,
1998,11420,
1999,11420,
2000,11420,
2001,11420,
2002,11420,
2003,11420,0.10154433474424922
2004,11420,0.12025057126750834
2005,11420,0.14558960739170604
2006,11420,0.1793805161327895
2007,11420,0.19056255788586596
2008,11420,0.17125550724826502
2009,11420,0.139953983680763
2010,11420,0.13408176463778657
2011,11420,0.12833931379006114
2012,11420,0.13247247022554076
2013,11420,0.13498644027382697
2014,11420,0.1383867433007354
2015,11420,0.1454656866996835
2016,11420,0.15624507436628984
2017,11420,0.17090726562978786
1996,11421,
1997,11421,
1998,11421,
1999,11421,
2000,11421,
2001,11421,
2002,11421,
2003,11421,0.09796241039860645
2004,11421,0.1155428501120263
2005,11421,0.13805074425676453
2006,11421,0.1675822421298064
2007,11421,0.17062702206734337
2008,11421,0.1566921178183704
2009,11421,0.13148134070684198
2010,11421,0.1301330073237909
2011,11421,0.1256549778243455
2012,11421,0.12498458408927436
2013,11421,0.1284372572188726
2014,11421,0.1312880766685872
2015,11421,0.14136758897182813
2016,11421,0.15625899839210647
2017,11421,0.17355636919130246
1996,11422,
1997,11422,
1998,11422,
1999,11422,
2000,11422,
2001,11422,
2002,11422,
2003,11422,0.09750030240014226
2004,11422,0.11516398595496398
2005,11422,0.13582289041282267
2006,11422,0.16667746306962736
2007,11422,0.17632948736358978
2008,11422,0.16225226534312584
2009,11422,0.14019687975737363
2010,11422,0.13846653332819783
2011,11422,0.12840723738882243
2012,11422,0.12566738723571672
2013,11422,0.1275603730700635
2014,11422,0.1257641216950655
2015,11422,0.13140355262739373
2016,11422,0.14552839331307332
2017,11422,0.1531505639180008
1996,11423,
1997,11423,
1998,11423,
1999,11423,
2000,11423,
2001,11423,
2002,11423,
2003,11423,0.10210505206515269
2004,11423,0.1194591218074418
2005,11423,0.1395451828292156
2006,11423,0.1690500464107387
2007,11423,0.17557037000819953
2008,11423,0.16561723301223738
2009,11423,0.14271391597398225
2010,11423,0.14589388826470773
2011,11423,0.135833611171251
2012,11423,0.13537050570321804
2013,11423,0.14154153622286192
2014,11423,0.15064946348625965
2015,11423,0.15544650748541508
2016,11423,0.16398603108674784
2017,11423,0.16835075839834684
1996,11426,
1997,11426,
1998,11426,
1999,11426,
2000,11426,
2001,11426,
2002,11426,
2003,11426,0.12381949587778235
2004,11426,0.14545954551768234
2005,11426,0.1690652657940029
2006,11426,0.19930331623019357
2007,11426,0.19606436790230317
2008,11426,0.18003586328044005
2009,11426,0.16014728565940806
2010,11426,0.16476776642069557
2011,11426,0.16164192001770758
2012,11426,0.15952459618456807
2013,11426,0.16376238606539195
2014,11426,0.16766484509441204
2015,11426,0.1678194126411249
2016,11426,0.18129014619613004
2017,11426,0.1957404497827636
1996,11427,
1997,11427,
1998,11427,
1999,11427,
2000,11427,
2001,11427,
2002,11427,
2003,11427,0.12457989696538342
2004,11427,0.14435241955829906
2005,11427,0.16049763479422566
2006,11427,0.18789998307223688
2007,11427,0.18950872646597738
2008,11427,0.17670203446058755
2009,11427,0.15743433381207125
2010,11427,0.15664085084898796
2011,11427,0.1468623244237008
2012,11427,0.14576397026361818
2013,11427,0.1528051352793663
2014,11427,0.15420298385471165
2015,11427,0.15844617758936952
2016,11427,0.17366025223108295
2017,11427,0.1877635604722763
1996,11428,
1997,11428,
1998,11428,
1999,11428,
2000,11428,
2001,11428,
2002,11428,
2003,11428,0.10533302229488212
2004,11428,0.12458921978318933
2005,11428,0.1478469833684312
2006,11428,0.17945144178122693
2007,11428,0.18000862605750165
2008,11428,0.1656869008849212
2009,11428,0.14553920069347584
2010,11428,0.14449104780480515
2011,11428,0.13720788469599454
2012,11428,0.13381589783818487
2013,11428,0.13909510288639879
2014,11428,0.14266218436930464
2015,11428,0.14612367268174076
2016,11428,0.16136879171699
2017,11428,0.16778588470311614
1996,11429,
1997,11429,
1998,11429,
1999,11429,
2000,11429,
2001,11429,
2002,11429,
2003,11429,0.09418940796424081
2004,11429,0.10777962826057898
2005,11429,0.1297168073987211
2006,11429,0.15784349582918
2007,11429,0.16559928894258247
2008,11429,0.15715012840466544
2009,11429,0.13359660433889442
2010,11429,0.13623697451582575
2011,11429,0.12441948531839893
2012,11429,0.12218698007733042
2013,11429,0.1256831635703906
2014,11429,0.1330259709097352
2015,11429,0.13907165324797924
2016,11429,0.15330484094511926
2017,11429,0.1622220290369636
1996,11432,
1997,11432,
1998,11432,
1999,11432,
2000,11432,
2001,11432,
2002,11432,
2003,11432,0.12743101058461015
2004,11432,0.14270930684880018
2005,11432,0.16837062353663426
2006,11432,0.20610611060210748
2007,11432,0.20767149484654868
2008,11432,0.19673670095553228
2009,11432,0.17279679277624738
2010,11432,0.17408831785711465
2011,11432,0.1644933888695911
2012,11432,0.16494007576603825
2013,11432,0.17195869882101558
2014,11432,0.18516343458048443
2015,11432,0.1958282939242525
2016,11432,0.20327270129326716
2017,11432,0.22077755566921242
1996,11433,
1997,11433,
1998,11433,
1999,11433,
2000,11433,
2001,11433,
2002,11433,
2003,11433,0.08624219784494601
2004,11433,0.10425615563166603
2005,11433,0.1244576198036745
2006,11433,0.15680549043204053
2007,11433,0.17079473563653905
2008,11433,0.15908555012750167
2009,11433,0.1397991393230371
2010,11433,0.13021586997607876
2011,11433,0.11673519853646162
2012,11433,0.1185061238075663
2013,11433,0.11893859618035112
2014,11433,0.12069020655820416
2015,11433,0.12643017532311396
2016,11433,0.14378098670073977
2017,11433,0.15754737618078252
1996,11434,
1997,11434,
1998,11434,
1999,11434,
2000,11434,
2001,11434,
2002,11434,
2003,11434,0.09065186026101885
2004,11434,0.10588879528149936
2005,11434,0.1254622830191469
2006,11434,0.1536020164233713
2007,11434,0.16295300291825332
2008,11434,0.15170628731485453
2009,11434,0.1334761849179065
2010,11434,0.1300019353727764
2011,11434,0.11781698728557206
2012,11434,0.11867925782663423
2013,11434,0.12197024435769044
2014,11434,0.1220648237058171
2015,11434,0.12686969059219239
2016,11434,0.14028363145481648
2017,11434,0.15267085993322974
1996,11435,
1997,11435,
1998,11435,
1999,11435,
2000,11435,
2001,11435,
2002,11435,
2003,11435,0.10875074015950068
2004,11435,0.11918361997093495
2005,11435,0.12955633419785245
2006,11435,0.16002577458399245
2007,11435,0.16911343356239805
2008,11435,0.16157264742478603
2009,11435,0.13621401120896529
2010,11435,0.12802929283195733
2011,11435,0.12107710050864688
2012,11435,0.11785770988203643
2013,11435,0.11060200312251345
2014,11435,0.1206034488640554
2015,11435,0.1251128577649527
2016,11435,0.14059959733169486
2017,11435,0.1579507690200967
1996,11436,
1997,11436,
1998,11436,
1999,11436,
2000,11436,
2001,11436,
2002,11436,
2003,11436,0.0919554558360878
2004,11436,0.1082609521950999
2005,11436,0.1286705619388466
2006,11436,0.15886364615023202
2007,11436,0.17314703511878402
2008,11436,0.16474213998132844
2009,11436,0.13844781056482744
2010,11436,0.12604997429035164
2011,11436,0.11560573815809468
2012,11436,0.1191692423184965
2013,11436,0.1232075279029838
2014,11436,0.132902249827394
2015,11436,0.13690510978503978
2016,11436,0.15048038221620527
2017,11436,0.16455930250346226
1996,11691,
1997,11691,
1998,11691,
1999,11691,
2000,11691,
2001,11691,
2002,11691,
2003,11691,0.09502141327623126
2004,11691,0.110813704496788
2005,11691,0.12147573162027125
2006,11691,0.14409350463954315
2007,11691,0.150115988579586
2008,11691,0.14877765881513205
2009,11691,0.1427551748750892
2010,11691,0.13849523894499952
2011,11691,0.1288086480662042
2012,11691,0.12306166967073352
2013,11691,0.12161338253208459
2014,11691,0.10852845034997312
2015,11691,0.11021106121356467
2016,11691,0.11991119512518862
2017,11691,0.13432306856024218
1996,11692,
1997,11692,
1998,11692,
1999,11692,
2000,11692,
2001,11692,
2002,11692,
2003,11692,0.07600963736260372
2004,11692,0.09072493732894991
2005,11692,0.10423043723227919
2006,11692,0.12600388303853086
2007,11692,0.1369448441837732
2008,11692,0.12872474270595072
2009,11692,0.1215357236673314
2010,11692,0.12499302661237538
2011,11692,0.10689288152200928
2012,11692,0.10129222041727448
2013,11692,0.10564711174224557
2014,11692,0.10277899590195301
2015,11692,0.10490931576239591
2016,11692,0.11609123366609096
2017,11692,0.131585519543379
1996,11693,
1997,11693,
1998,11693,
1999,11693,
2000,11693,
2001,11693,
2002,11693,
2003,11693,0.10058874851478636
2004,11693,0.11034169670555542
2005,11693,0.12216671550040359
2006,11693,0.14529374605180037
2007,11693,0.14317071476453358
2008,11693,0.13725575581916474
2009,11693,0.14161338517956182
2010,11693,0.13402616590650734
2011,11693,0.11786951277232122
2012,11693,0.11831672769726864
2013,11693,0.1278430485771744
2014,11693,0.12256088358461914
2015,11693,0.1200782849121706
2016,11693,0.1280214212566808
2017,11693,0.14349790103797
1996,11694,
1997,11694,
1998,11694,
1999,11694,
2000,11694,
2001,11694,
2002,11694,
2003,11694,0.17591775862367248
2004,11694,0.1849636262227924
2005,11694,0.2057591958773813
2006,11694,0.23983576655392483
2007,11694,0.23463482154072454
2008,11694,0.23008634547488002
2009,11694,0.2190486720534117
2010,11694,0.19153512714217755
2011,11694,0.1790410194548113
2012,11694,0.17924337192815185
2013,11694,0.17125437555963496
2014,11694,0.1694816623472061
2015,11694,0.17412224145038505
2016,11694,0.19524173555380842
2017,11694,0.2155562908121595
